frankervrep,frankervrep-l103-c32.result.json,9,9,52,50,66,16,15,34,135,1269,2415,1671,55,1590
frankervrep,frankervrep-l107-c27.result.json,9,9,52,49,64,16,15,32,135,1269,2415,1033,36,984
frankervrep,frankervrep-l109-c28.result.json,9,9,52,47,60,16,15,32,135,1269,2415,1014,34,966
frankervrep,frankervrep-l113-c31.result.json,9,9,52,49,64,16,15,32,135,1269,2415,1096,53,1030
frankervrep,frankervrep-l117-c34.result.json,9,9,52,49,64,16,15,32,135,1269,2415,1220,32,1176
frankervrep,frankervrep-l12-c40.result.json,9,9,52,48,62,16,15,32,135,1269,2415,1165,52,1101
frankervrep,frankervrep-l122-c41.result.json,0,0,52,48,62,16,15,32,135,1223,2333,66,57,0
frankervrep,frankervrep-l125-c30.result.json,9,9,52,48,62,16,15,32,135,1269,2415,1129,38,1080
frankervrep,frankervrep-l13-c32.result.json,9,9,52,50,66,16,15,32,135,1269,2415,1016,49,955
frankervrep,frankervrep-l130-c3.result.json,8,8,52,49,64,16,15,32,315,2229,3855,630,59,556
frankervrep,frankervrep-l136-c21.result.json,3,3,52,47,60,16,15,32,151,1390,2604,133,50,72
frankervrep,frankervrep-l14-c30.result.json,9,9,52,50,66,16,15,32,135,1269,2415,1134,41,1082
frankervrep,frankervrep-l141-c41.result.json,7,7,52,49,64,16,15,32,195,1366,2511,541,49,477
frankervrep,frankervrep-l146-c21.result.json,9,9,52,50,66,16,15,34,135,1269,2415,1100,32,992
frankervrep,frankervrep-l146-c29.result.json,5,5,52,48,62,16,15,34,135,1227,2340,281,41,225
frankervrep,frankervrep-l15-c32.result.json,9,9,52,49,64,16,15,32,135,1269,2415,1076,53,1010
frankervrep,frankervrep-l151-c50.result.json,2,2,52,47,60,16,15,32,145,1297,2451,522,42,400
frankervrep,frankervrep-l151-c52.result.json,4,4,52,48,62,16,15,34,155,1370,2580,375,44,318
frankervrep,frankervrep-l157-c67.result.json,2,2,52,48,62,16,15,32,153,1381,2593,398,41,341
frankervrep,frankervrep-l157-c69.result.json,7,7,52,48,62,16,15,34,297,2441,4253,594,45,536
frankervrep,frankervrep-l16-c24.result.json,9,9,52,49,64,16,15,34,135,1269,2415,1071,44,1014
frankervrep,frankervrep-l162-c40.result.json,7,7,52,47,60,16,15,34,513,2405,4115,943,46,845
frankervrep,frankervrep-l162-c42.result.json,4,4,52,48,62,16,15,32,189,1389,2582,293,53,228
frankervrep,frankervrep-l170-c11.result.json,8,8,52,48,62,16,15,32,135,1252,2391,518,44,462
frankervrep,frankervrep-l171-c10.result.json,8,8,52,47,60,16,15,32,135,1252,2391,476,34,434
frankervrep,frankervrep-l172-c10.result.json,8,8,52,47,60,16,15,32,135,1252,2391,525,33,482
frankervrep,frankervrep-l173-c23.result.json,9,9,52,50,66,16,15,32,135,1269,2415,1067,53,963
frankervrep,frankervrep-l173-c35.result.json,7,7,52,47,60,16,15,34,135,1312,2497,668,49,604
frankervrep,frankervrep-l174-c18.result.json,9,9,52,50,66,16,15,34,135,1269,2415,1125,33,1033
frankervrep,frankervrep-l174-c30.result.json,7,7,52,48,62,16,15,32,135,1312,2497,715,31,672
frankervrep,frankervrep-l175-c22.result.json,9,9,52,50,66,16,15,32,135,1269,2415,1022,37,924
frankervrep,frankervrep-l175-c36.result.json,NO SCENARIO,
frankervrep,frankervrep-l176-c14.result.json,9,9,52,50,66,16,15,34,135,1269,2415,1210,30,1102
frankervrep,frankervrep-l176-c28.result.json,NO SCENARIO,
frankervrep,frankervrep-l178-c22.result.json,0,0,52,48,62,16,15,32,135,1223,2333,60,52,0
frankervrep,frankervrep-l178-c34.result.json,7,7,52,49,64,16,15,32,135,1312,2497,719,33,676
frankervrep,frankervrep-l179-c16.result.json,0,0,52,47,60,16,15,32,135,1223,2333,48,40,0
frankervrep,frankervrep-l179-c28.result.json,7,7,52,49,64,16,15,32,135,1312,2497,653,30,612
frankervrep,frankervrep-l180-c18.result.json,0,0,52,48,62,16,15,32,135,1223,2333,37,29,0
frankervrep,frankervrep-l180-c32.result.json,NO SCENARIO,
frankervrep,frankervrep-l184-c16.result.json,9,9,52,49,64,16,15,34,135,1269,2415,1064,31,971
frankervrep,frankervrep-l184-c28.result.json,7,7,52,51,68,16,15,32,135,1312,2497,702,31,659
frankervrep,frankervrep-l185-c13.result.json,9,9,52,48,62,16,15,32,135,1269,2415,1019,30,939
frankervrep,frankervrep-l185-c27.result.json,NO SCENARIO,
frankervrep,frankervrep-l189-c16.result.json,9,9,52,50,66,16,15,32,135,1269,2415,1081,35,997
frankervrep,frankervrep-l189-c28.result.json,9,9,52,49,64,16,15,32,135,1269,2415,1035,31,941
frankervrep,frankervrep-l189-c40.result.json,7,7,52,47,60,16,15,32,135,1312,2497,672,32,629
frankervrep,frankervrep-l19-c29.result.json,9,9,52,50,66,16,15,32,135,1269,2415,979,36,931
frankervrep,frankervrep-l193-c46.result.json,7,8,52,47,60,16,15,34,343,2728,4704,633,44,572
frankervrep,frankervrep-l193-c57.result.json,9,9,52,48,62,16,15,32,711,4833,7911,1059,61,950
frankervrep,frankervrep-l193-c59.result.json,7,8,52,48,62,16,15,34,343,2728,4704,596,39,547
frankervrep,frankervrep-l20-c25.result.json,9,9,52,49,64,16,15,32,135,1269,2415,966,33,921
frankervrep,frankervrep-l208-c10.result.json,5,5,52,48,62,16,15,32,135,1227,2340,245,31,200
frankervrep,frankervrep-l209-c15.result.json,3,3,52,47,60,16,15,32,135,1246,2373,116,38,69
frankervrep,frankervrep-l21-c28.result.json,9,9,52,48,62,16,15,32,135,1269,2415,998,41,949
frankervrep,frankervrep-l211-c18.result.json,8,8,52,47,60,16,15,34,135,1269,2416,517,43,460
frankervrep,frankervrep-l215-c43.result.json,0,0,52,48,62,16,15,32,135,1223,2333,38,32,0
frankervrep,frankervrep-l216-c15.result.json,9,9,52,49,64,16,15,32,711,3921,6315,1002,48,908
frankervrep,frankervrep-l216-c23.result.json,5,5,52,50,66,16,15,32,183,1587,2907,286,42,232
frankervrep,frankervrep-l217-c35.result.json,4,4,52,48,62,16,15,34,175,1491,2742,349,65,272
frankervrep,frankervrep-l22-c30.result.json,9,9,52,50,66,16,15,34,135,1269,2415,988,30,948
frankervrep,frankervrep-l221-c13.result.json,5,5,52,48,62,16,15,32,135,1227,2340,244,31,203
frankervrep,frankervrep-l222-c18.result.json,3,3,52,48,62,16,15,32,135,1246,2373,120,31,78
frankervrep,frankervrep-l228-c21.result.json,3,3,52,50,66,16,15,32,143,1306,2468,116,38,67
frankervrep,frankervrep-l228-c39.result.json,8,9,52,48,62,16,15,32,423,2665,4509,1038,43,947
frankervrep,frankervrep-l228-c47.result.json,5,5,52,48,62,16,15,34,159,1407,2625,232,39,181
frankervrep,frankervrep-l234-c21.result.json,3,3,52,47,60,16,15,34,143,1306,2468,105,30,66
frankervrep,frankervrep-l234-c39.result.json,8,9,52,49,64,16,15,34,423,2665,4509,1030,32,938
frankervrep,frankervrep-l234-c47.result.json,5,5,52,48,62,16,15,34,159,1407,2625,226,30,185
frankervrep,frankervrep-l4-c22.result.json,9,9,52,50,66,16,15,32,135,1269,2415,944,30,901
frankervrep,frankervrep-l49-c29.result.json,9,9,52,50,66,16,15,34,135,1269,2415,947,35,901
frankervrep,frankervrep-l5-c23.result.json,9,9,52,50,66,16,15,32,135,1269,2415,955,31,909
frankervrep,frankervrep-l71-c30.result.json,9,9,52,48,62,16,15,32,135,1269,2415,970,35,923
frankervrep,frankervrep-l72-c37.result.json,9,9,52,50,66,16,15,32,135,1269,2415,944,31,901
frankervrep,frankervrep-l73-c29.result.json,9,9,52,51,68,16,15,34,135,1269,2415,952,32,908
frankervrep,frankervrep-l74-c30.result.json,9,9,52,48,62,16,15,32,135,1269,2415,967,29,927
frankervrep,frankervrep-l75-c22.result.json,9,9,52,50,66,16,15,32,135,1269,2415,946,30,904
frankervrep,frankervrep-l76-c32.result.json,9,9,52,49,64,16,15,32,135,1269,2415,956,32,909
frankervrep,frankervrep-l8-c31.result.json,9,9,52,50,66,16,15,34,135,1269,2415,947,30,905
frankervrep,frankervrep-l80-c34.result.json,9,9,52,48,62,16,15,32,135,1269,2415,939,30,898
frankervrep,frankervrep-l84-c21.result.json,9,9,52,49,64,16,15,32,135,1269,2415,1096,30,1051
frankervrep,frankervrep-l85-c22.result.json,9,9,52,48,62,16,15,32,135,1269,2415,960,30,913
frankervrep,frankervrep-l88-c45.result.json,9,9,52,50,66,16,15,32,135,1269,2415,955,32,911
frankervrep,frankervrep-l89-c38.result.json,9,9,52,48,62,16,15,32,135,1269,2415,960,30,919
frankervrep,frankervrep-l9-c32.result.json,9,9,52,50,66,16,15,34,135,1269,2415,945,31,902
frankervrep,frankervrep-l90-c32.result.json,9,9,52,50,66,16,15,32,135,1269,2415,960,31,917
frankervrep,frankervrep-l91-c32.result.json,9,9,52,49,64,16,15,34,135,1269,2415,981,31,939
frankervrep,frankervrep-l92-c41.result.json,9,9,52,49,64,16,15,32,135,1269,2415,954,37,906
frankervrep,frankervrep-l94-c35.result.json,9,9,52,50,66,16,15,32,135,1269,2415,955,31,913
git,git-l105-c33.result.json,8,8,10,9,15,17,11,13,368,3612,5597,246,37,196
git,git-l105-c44.result.json,9,9,10,9,15,17,8,10,508,4325,6388,567,40,372
git,git-l105-c74.result.json,8,9,10,9,14,17,11,14,410,3855,5918,275,38,231
git,git-l105-c87.result.json,8,9,10,9,14,17,11,14,410,3855,5918,185,29,149
git,git-l109-c28.result.json,7,9,10,8,15,17,8,12,352,3320,5208,130,27,99
git,git-l109-c65.result.json,7,9,10,8,14,17,9,12,352,3320,5208,119,28,87
git,git-l109-c69.result.json,7,10,10,8,13,17,11,18,526,4533,7116,397,28,237
git,git-l109-c72.result.json,11,11,10,9,16,17,13,20,442,3833,6086,197,29,162
git,git-l113-c27.result.json,8,10,10,9,17,17,12,20,526,4587,6963,268,29,238
git,git-l113-c33.result.json,3,5,10,8,15,17,9,18,316,3968,7256,327,27,184
git,git-l113-c56.result.json,8,10,10,9,17,17,12,20,526,4587,6963,263,46,215
git,git-l113-c62.result.json,3,5,10,7,13,17,5,10,316,3968,7256,285,25,144
git,git-l118-c27.result.json,8,10,10,9,17,17,11,16,526,4587,6963,241,26,213
git,git-l118-c33.result.json,3,5,10,8,15,17,9,17,316,3968,7256,304,26,161
git,git-l118-c56.result.json,8,9,10,9,15,17,11,15,352,3859,6508,179,27,143
git,git-l122-c28.result.json,8,9,10,9,13,17,8,10,352,3859,6508,222,26,187
git,git-l122-c42.result.json,8,9,10,9,15,17,11,15,352,3859,6508,189,26,154
git,git-l122-c58.result.json,8,9,10,9,15,17,8,11,352,3859,6508,167,27,131
git,git-l122-c71.result.json,8,9,10,9,15,17,10,13,352,3859,6508,190,24,156
git,git-l126-c28.result.json,9,9,10,9,13,17,6,7,658,7544,13617,140,37,94
git,git-l126-c41.result.json,9,9,10,9,13,17,8,9,658,7544,13617,157,57,90
git,git-l136-c22.result.json,10,10,10,10,20,17,13,14,710,6850,10908,351,31,188
git,git-l136-c24.result.json,8,8,10,10,16,17,13,14,594,6881,12157,109,31,69
git,git-l141-c20.result.json,8,8,10,10,13,17,13,13,340,3334,5131,345,24,127
git,git-l141-c22.result.json,8,8,10,10,18,17,13,14,594,6881,12157,108,31,68
git,git-l150-c17.result.json,7,9,10,8,13,17,9,11,400,3528,5484,97,25,68
git,git-l150-c23.result.json,10,11,10,9,15,17,12,18,535,4267,6675,189,25,155
git,git-l150-c33.result.json,10,10,10,10,17,17,10,13,661,4653,6844,365,26,213
git,git-l150-c41.result.json,7,9,10,8,13,17,9,11,400,3528,5484,97,26,68
git,git-l154-c17.result.json,7,9,10,8,12,17,10,14,352,3324,5219,94,23,68
git,git-l154-c9.result.json,10,10,10,9,15,17,10,14,526,4076,6093,377,28,227
git,git-l158-c17.result.json,7,9,10,8,13,17,9,11,496,4420,6837,355,22,330
git,git-l158-c39.result.json,7,9,10,8,13,17,6,6,451,4067,6172,289,21,263
git,git-l158-c44.result.json,7,10,10,8,13,17,9,14,931,7683,11796,1060,29,904
git,git-l158-c52.result.json,7,9,10,8,17,17,9,11,496,4420,6837,349,21,325
git,git-l158-c58.result.json,11,11,10,9,17,17,12,21,721,6003,9310,618,24,589
git,git-l158-c68.result.json,11,11,10,10,17,17,14,17,721,6003,9310,640,26,609
git,git-l17-c17.result.json,10,10,10,9,17,17,12,15,256,2869,4460,207,22,182
git,git-l172-c16.result.json,7,9,10,8,15,17,8,11,400,3586,5591,93,23,68
git,git-l172-c20.result.json,10,10,10,10,18,17,12,17,661,4826,7138,373,25,218
git,git-l172-c31.result.json,10,11,10,10,22,17,13,23,854,8240,14572,189,34,146
git,git-l172-c43.result.json,10,10,10,10,16,17,13,17,661,4708,6948,378,27,224
git,git-l172-c50.result.json,7,9,10,8,13,17,8,11,400,3586,5591,104,24,77
git,git-l172-c58.result.json,10,11,10,10,20,17,13,21,854,8240,14572,192,38,146
git,git-l172-c66.result.json,10,10,10,10,17,17,11,15,661,4708,6948,401,27,218
git,git-l172-c73.result.json,7,9,10,8,15,17,8,12,400,3586,5591,101,25,73
git,git-l176-c11.result.json,7,9,10,8,11,17,8,11,352,3317,5182,108,25,80
git,git-l176-c16.result.json,3,3,10,9,11,17,8,8,274,2995,4905,188,24,42
git,git-l176-c23.result.json,7,9,10,8,11,17,10,13,352,3338,5245,98,24,71
git,git-l176-c6.result.json,5,7,10,7,11,17,5,7,298,3137,4890,53,22,29
git,git-l186-c11.result.json,11,12,10,10,22,17,15,31,778,7778,13817,220,37,178
git,git-l186-c22.result.json,10,10,10,9,17,17,10,17,526,4076,6093,343,25,193
git,git-l186-c29.result.json,8,10,10,9,13,17,9,9,376,3475,5444,115,25,88
git,git-l186-c8.result.json,7,9,10,8,11,17,11,17,352,3324,5219,104,23,78
git,git-l190-c10.result.json,8,10,10,8,11,17,10,16,376,3455,5406,146,23,119
git,git-l194-c15.result.json,7,9,10,8,13,17,9,11,384,3480,5404,100,23,74
git,git-l194-c25.result.json,10,11,10,10,17,17,14,23,504,4174,6520,159,25,129
git,git-l194-c36.result.json,10,10,10,10,16,17,11,14,616,4518,6619,350,26,199
git,git-l194-c42.result.json,7,9,10,8,13,17,9,11,384,3480,5404,148,27,119
git,git-l207-c11.result.json,10,10,10,9,18,17,10,17,526,4076,6093,363,27,225
git,git-l207-c17.result.json,7,9,10,9,13,17,10,13,352,3338,5245,104,24,76
git,git-l207-c6.result.json,8,10,10,8,11,17,10,12,376,3455,5406,122,25,94
git,git-l22-c16.result.json,10,10,10,9,17,17,12,15,256,2869,4460,257,23,233
git,git-l23-c15.result.json,10,10,10,9,17,17,11,14,256,2869,4460,211,22,187
git,git-l241-c28.result.json,7,9,10,8,12,17,10,12,373,3343,5074,84,23,54
git,git-l241-c32.result.json,8,10,10,8,13,17,11,15,661,5163,7971,349,27,189
git,git-l241-c38.result.json,7,9,10,8,13,17,9,11,400,3528,5484,136,25,108
git,git-l241-c54.result.json,8,9,10,10,17,17,13,20,454,3887,6160,128,25,97
git,git-l241-c59.result.json,8,10,10,8,13,17,10,13,445,3748,5764,115,24,88
git,git-l254-c11.result.json,9,10,10,9,14,17,9,11,688,4768,6975,229,29,183
git,git-l254-c15.result.json,7,9,10,8,13,17,11,17,688,5393,8239,370,25,149
git,git-l254-c22.result.json,8,9,10,8,13,17,11,15,688,5393,8239,394,26,166
git,git-l254-c30.result.json,6,8,10,8,13,17,8,10,400,3483,5385,81,25,52
git,git-l258-c11.result.json,8,9,10,8,12,17,9,13,412,3514,5300,86,24,55
git,git-l258-c15.result.json,7,10,10,10,15,17,11,15,796,5748,8736,408,30,249
git,git-l258-c23.result.json,6,8,10,8,13,17,8,10,400,3483,5385,87,24,60
git,git-l26-c21.result.json,9,9,10,9,15,17,13,18,256,2867,4456,204,24,178
git,git-l262-c6.result.json,6,10,10,10,15,17,8,8,1250,10753,18121,453,45,206
git,git-l262-c8.result.json,8,8,10,9,15,17,12,12,786,7883,13636,112,34,70
git,git-l300-c22.result.json,6,9,10,9,13,17,8,10,448,3921,6061,135,32,85
git,git-l300-c9.result.json,6,9,10,8,11,17,10,16,448,3921,6061,124,29,81
git,git-l304-c16.result.json,7,10,10,9,13,17,9,11,496,4204,6468,149,26,105
git,git-l304-c6.result.json,7,10,10,9,13,17,9,11,496,4204,6468,140,25,104
git,git-l308-c18.result.json,6,9,10,9,15,17,11,13,448,3935,6087,151,24,111
git,git-l308-c7.result.json,6,9,10,8,11,17,11,14,448,3935,6087,120,24,85
git,git-l312-c16.result.json,7,9,10,8,11,17,10,13,448,3928,5987,126,27,83
git,git-l312-c6.result.json,7,9,10,9,15,17,11,13,448,3928,5987,106,28,67
git,git-l316-c8.result.json,8,10,10,9,13,17,9,9,382,3483,5421,127,24,91
git,git-l32-c17.result.json,10,10,10,9,17,17,12,17,256,2869,4460,238,25,203
git,git-l320-c8.result.json,8,10,10,8,11,17,11,15,382,3483,5421,136,24,95
git,git-l33-c19.result.json,10,10,10,9,17,17,12,16,256,2869,4460,272,24,238
git,git-l359-c47.result.json,8,9,10,10,17,17,12,19,366,3513,5632,129,23,93
git,git-l360-c50.result.json,10,10,10,9,16,17,10,16,481,3979,5930,405,26,244
git,git-l360-c58.result.json,6,8,10,9,17,17,9,14,316,3131,4907,84,20,50
git,git-l368-c12.result.json,8,10,10,7,9,17,6,6,376,3461,5418,116,22,84
git,git-l37-c17.result.json,10,10,10,9,17,17,12,18,256,2869,4460,212,20,185
git,git-l372-c24.result.json,6,9,10,8,11,17,7,10,496,4183,6433,105,23,69
git,git-l372-c30.result.json,10,11,10,10,20,17,14,24,1070,9536,16543,210,39,152
git,git-l376-c24.result.json,6,9,10,8,11,17,7,10,496,4183,6433,164,30,123
git,git-l376-c33.result.json,7,10,10,10,18,17,13,18,556,4486,6848,141,26,97
git,git-l376-c43.result.json,8,10,10,10,18,17,14,20,556,4486,6848,142,27,103
git,git-l38-c19.result.json,10,10,10,10,17,17,14,15,256,2869,4460,254,26,217
git,git-l380-c24.result.json,6,9,10,8,13,17,9,13,496,4183,6433,120,27,79
git,git-l380-c34.result.json,6,9,10,8,11,17,8,11,496,4183,6433,113,24,75
git,git-l380-c45.result.json,6,9,10,8,11,17,8,11,496,4183,6433,196,24,162
git,git-l388-c24.result.json,6,9,10,8,11,17,7,10,496,4183,6433,106,22,75
git,git-l388-c30.result.json,10,11,10,10,18,17,14,24,1070,9536,16543,206,39,151
git,git-l388-c42.result.json,8,9,10,10,14,17,13,16,526,4619,7283,124,25,83
git,git-l388-c47.result.json,7,9,10,8,11,17,8,11,496,4176,6333,108,24,73
git,git-l396-c22.result.json,6,9,10,8,11,17,10,15,448,3921,6061,97,22,66
git,git-l396-c9.result.json,6,9,10,9,13,17,8,10,448,3921,6061,104,23,72
git,git-l4-c19.result.json,10,10,10,9,17,17,12,16,256,2869,4460,278,24,247
git,git-l400-c18.result.json,6,9,10,7,9,17,7,9,448,3921,6061,108,24,69
git,git-l400-c7.result.json,6,9,10,8,11,17,10,15,448,3921,6061,102,23,69
git,git-l41-c19.result.json,10,10,10,9,17,17,12,15,256,2869,4460,237,22,207
git,git-l423-c18.result.json,10,10,10,10,16,17,11,14,796,5238,7609,357,28,193
git,git-l423-c24.result.json,7,9,10,8,13,17,9,11,448,3732,5749,107,23,69
git,git-l423-c7.result.json,10,11,10,9,19,17,12,25,628,4670,7202,172,26,134
git,git-l443-c18.result.json,6,9,10,8,13,17,9,11,512,4233,6431,168,31,119
git,git-l443-c22.result.json,2,2,10,8,12,17,10,10,272,2918,4534,43,28,7
git,git-l443-c24.result.json,10,11,10,9,17,17,11,21,752,5662,8597,274,37,218
git,git-l443-c7.result.json,6,9,10,8,13,17,9,11,512,4233,6431,156,34,109
git,git-l451-c16.result.json,7,10,10,9,13,17,9,11,496,4204,6468,172,33,126
git,git-l451-c6.result.json,7,10,10,9,13,17,9,12,496,4204,6468,180,33,135
git,git-l455-c20.result.json,6,9,10,8,11,17,11,16,448,3935,6087,145,28,104
git,git-l455-c8.result.json,6,9,10,8,11,17,11,16,448,3935,6087,135,31,90
git,git-l459-c16.result.json,7,9,10,8,11,17,11,16,448,3928,5987,164,32,118
git,git-l459-c6.result.json,7,9,10,9,15,17,12,14,448,3928,5987,158,34,107
git,git-l47-c3.result.json,7,7,10,9,12,17,9,9,340,3391,5274,90,30,43
git,git-l47-c8.result.json,6,8,10,8,13,17,6,6,412,3501,5376,128,30,80
git,git-l51-c15.result.json,7,9,10,9,13,17,9,11,352,3310,5178,185,91,79
git,git-l511-c30.result.json,10,11,10,9,15,17,12,18,690,4980,7574,214,29,169
git,git-l511-c41.result.json,10,10,10,10,17,17,11,14,886,5688,8149,397,28,222
git,git-l511-c47.result.json,7,9,10,9,16,17,9,10,480,3892,5941,111,24,76
git,git-l527-c16.result.json,7,10,10,8,11,17,10,12,496,4204,6468,186,34,137
git,git-l527-c6.result.json,7,10,10,9,13,17,9,11,496,4204,6468,200,32,154
git,git-l531-c18.result.json,6,9,10,9,15,17,11,13,448,3935,6087,129,33,84
git,git-l531-c7.result.json,6,9,10,9,15,17,11,13,448,3935,6087,136,24,98
git,git-l535-c20.result.json,6,9,10,8,11,17,11,16,448,3935,6087,141,30,97
git,git-l535-c8.result.json,6,9,10,9,15,17,11,13,448,3935,6087,123,28,83
git,git-l539-c16.result.json,7,9,10,9,15,17,12,14,448,3928,5987,135,35,86
git,git-l539-c6.result.json,7,9,10,8,11,17,11,13,448,3928,5987,149,33,99
git,git-l55-c21.result.json,10,11,10,10,19,17,13,13,1178,9612,16514,302,42,228
git,git-l55-c6.result.json,8,10,10,10,17,17,15,19,1066,6937,10179,543,29,312
git,git-l558-c13.result.json,2,2,10,10,17,17,11,12,276,2975,4601,222,21,74
git,git-l558-c32.result.json,9,10,10,10,17,17,9,11,1156,7841,11194,567,49,328
git,git-l558-c40.result.json,7,9,10,10,16,17,10,11,576,4534,6789,173,37,119
git,git-l558-c54.result.json,10,10,10,10,17,17,14,21,736,5432,7979,239,37,183
git,git-l558-c64.result.json,10,10,10,10,17,17,11,12,596,4683,6977,177,31,115
git,git-l558-c7.result.json,7,9,10,10,16,17,9,12,976,6569,9290,312,34,265
git,git-l566-c11.result.json,6,7,10,10,19,17,12,20,340,3341,5170,76,24,43
git,git-l566-c16.result.json,7,9,10,8,11,17,8,10,448,3767,5790,129,31,83
git,git-l566-c6.result.json,10,10,10,10,21,17,10,24,1250,9280,14418,567,55,294
git,git-l58-c23.result.json,10,10,10,10,16,17,13,14,256,2869,4460,214,23,184
git,git-l582-c6.result.json,7,10,10,8,11,17,8,10,616,4766,7228,123,24,88
git,git-l586-c16.result.json,7,9,10,9,15,17,11,13,448,3928,5987,159,26,121
git,git-l586-c6.result.json,7,9,10,8,11,17,11,16,448,3928,5987,114,25,75
git,git-l615-c37.result.json,0,0,10,7,13,17,7,11,256,2800,4341,33,24,0
git,git-l615-c43.result.json,2,2,10,10,17,17,14,15,274,2944,4551,227,22,74
git,git-l615-c64.result.json,10,11,10,10,17,17,12,19,814,5664,8442,189,29,143
git,git-l615-c74.result.json,10,10,10,10,15,17,11,14,562,4377,6552,137,26,87
git,git-l619-c18.result.json,6,9,10,8,13,17,9,11,512,4233,6431,112,24,77
git,git-l619-c22.result.json,2,2,10,9,18,17,12,17,272,2918,4534,31,19,4
git,git-l619-c7.result.json,6,9,10,8,13,17,9,11,512,4233,6431,112,24,78
git,git-l63-c22.result.json,7,7,10,10,17,17,12,13,571,4436,6672,411,24,125
git,git-l63-c24.result.json,10,11,10,10,20,17,14,15,1070,9126,15812,200,37,144
git,git-l63-c29.result.json,7,8,10,9,13,17,7,8,850,7835,13324,121,32,68
git,git-l63-c41.result.json,8,10,10,10,15,17,10,10,1430,9643,14735,429,39,187
git,git-l63-c43.result.json,10,11,10,10,19,17,13,13,1070,9126,15812,195,35,143
git,git-l67-c23.result.json,10,11,10,10,19,17,11,11,1070,9126,15812,208,37,151
git,git-l67-c33.result.json,10,11,10,9,15,17,9,12,721,4992,7323,174,25,133
git,git-l71-c22.result.json,8,10,10,10,17,17,10,10,1430,9643,14735,240,36,193
git,git-l71-c27.result.json,2,2,10,8,15,17,11,13,271,2953,4692,223,22,77
git,git-l71-c29.result.json,11,11,10,10,16,17,15,18,721,5138,7847,170,25,128
git,git-l71-c36.result.json,11,11,10,10,17,17,14,16,721,5102,7684,278,28,234
git,git-l87-c16.result.json,10,10,10,9,17,17,11,16,391,3425,5190,226,24,193
git,git-l87-c29.result.json,10,11,10,9,13,17,10,13,349,3431,5553,170,26,128
git,git-l91-c9.result.json,11,12,10,10,15,17,12,15,530,6662,12205,182,35,129
git,git-l95-c25.result.json,4,6,10,8,15,17,11,14,301,3497,5997,229,21,64
git,git-l95-c27.result.json,8,9,10,8,13,17,8,10,322,3303,5380,126,22,92
icd,icd-l113-c37.result.json,11,11,20,16,27,10,10,15,426,2855,4493,833,65,745
icd,icd-l113-c8.result.json,11,11,20,16,23,10,10,14,426,2855,4493,472,35,431
icd,icd-l117-c20.result.json,11,11,20,16,29,10,10,17,426,2305,3558,409,31,374
icd,icd-l117-c7.result.json,11,11,20,16,28,10,10,16,426,2305,3558,416,28,384
icd,icd-l124-c39.result.json,11,11,20,16,29,10,10,17,426,2855,4493,297,24,270
icd,icd-l124-c58.result.json,10,10,20,17,27,10,10,12,366,2352,3656,246,21,223
icd,icd-l125-c23.result.json,10,10,20,17,25,10,10,14,231,1497,2396,238,13,205
icd,icd-l125-c8.result.json,11,11,20,16,24,10,10,14,261,1810,2953,275,20,252
icd,icd-l126-c21.result.json,10,10,20,17,27,10,10,15,231,1497,2396,230,13,199
icd,icd-l126-c23.result.json,11,11,20,16,24,10,10,11,261,1810,2953,283,22,259
icd,icd-l126-c35.result.json,9,9,20,17,28,10,10,13,162,1574,2749,123,12,110
icd,icd-l126-c39.result.json,9,9,20,15,28,10,9,15,144,1358,2272,92,11,79
icd,icd-l13-c34.result.json,10,10,20,17,27,10,10,15,96,1135,1944,207,12,193
icd,icd-l16-c26.result.json,10,10,20,17,25,10,10,12,96,1135,1944,201,10,189
icd,icd-l19-c32.result.json,10,10,20,17,27,10,10,13,96,1149,1968,187,11,174
icd,icd-l25-c12.result.json,10,10,20,17,25,10,10,11,96,1135,1944,197,11,184
icd,icd-l26-c31.result.json,10,10,20,17,25,10,10,14,96,1135,1944,223,12,209
icd,icd-l27-c35.result.json,10,10,20,17,27,10,10,13,96,1135,1944,206,11,194
icd,icd-l38-c25.result.json,11,11,20,16,27,10,10,13,261,1810,2953,261,19,240
icd,icd-l4-c39.result.json,10,10,20,17,27,10,10,13,96,1134,1942,185,10,174
icd,icd-l41-c21.result.json,11,11,20,16,26,10,10,15,426,2305,3558,261,22,237
icd,icd-l41-c46.result.json,11,11,20,17,26,10,10,16,426,2305,3558,262,20,239
icd,icd-l41-c7.result.json,11,11,20,17,28,10,10,16,426,2305,3558,261,20,239
icd,icd-l42-c8.result.json,11,11,20,17,26,10,10,16,426,2305,3558,283,22,259
icd,icd-l43-c18.result.json,10,10,20,17,27,10,10,15,366,1902,2891,198,11,173
icd,icd-l43-c20.result.json,11,11,20,16,29,10,10,16,426,2305,3558,261,21,238
icd,icd-l43-c36.result.json,9,9,20,15,23,10,9,12,192,1502,2448,86,11,74
icd,icd-l44-c4.result.json,11,11,20,16,30,10,10,19,426,2305,3558,261,20,237
icd,icd-l47-c29.result.json,10,10,20,17,27,10,10,13,771,4141,6207,257,25,230
icd,icd-l47-c40.result.json,10,11,20,17,26,10,10,13,771,4025,5939,234,41,191
icd,icd-l48-c17.result.json,10,11,20,17,26,10,10,14,771,4025,5939,214,23,189
icd,icd-l48-c27.result.json,8,10,20,17,26,10,10,13,771,4311,6271,233,23,195
icd,icd-l48-c5.result.json,10,11,20,17,26,10,10,14,771,4025,5939,258,24,231
icd,icd-l49-c18.result.json,10,11,20,17,26,10,10,14,771,4025,5939,215,23,189
icd,icd-l49-c5.result.json,10,11,20,17,27,10,10,15,771,4025,5939,237,23,211
icd,icd-l50-c22.result.json,10,11,20,17,26,10,10,14,771,4025,5939,210,24,184
icd,icd-l50-c5.result.json,10,11,20,17,25,10,10,14,771,4025,5939,220,22,195
icd,icd-l51-c27.result.json,10,11,20,17,26,10,10,14,771,4025,5939,235,23,210
icd,icd-l51-c5.result.json,10,11,20,17,26,10,10,13,771,4025,5939,212,22,188
icd,icd-l52-c25.result.json,10,11,20,17,25,10,10,14,771,4025,5939,224,24,198
icd,icd-l52-c5.result.json,10,11,20,17,28,10,10,14,771,4025,5939,233,23,208
icd,icd-l53-c20.result.json,10,10,20,15,23,10,8,10,771,3864,5627,216,22,179
icd,icd-l53-c5.result.json,10,11,20,17,27,10,10,15,771,4025,5939,249,26,221
icd,icd-l54-c17.result.json,9,9,20,16,27,10,8,10,426,2768,4393,123,14,108
icd,icd-l54-c25.result.json,10,10,20,17,27,10,10,13,771,4141,6207,232,22,207
icd,icd-l54-c5.result.json,10,11,20,17,26,10,10,15,771,4025,5939,213,22,189
icd,icd-l57-c29.result.json,10,10,20,17,27,10,10,13,771,4141,6207,265,23,240
icd,icd-l57-c40.result.json,10,11,20,17,26,10,10,14,771,4025,5939,218,22,194
icd,icd-l57-c62.result.json,10,11,20,17,26,10,10,13,771,4025,5939,207,22,183
icd,icd-l58-c8.result.json,11,11,20,17,29,10,10,17,756,3845,5703,270,22,246
icd,icd-l59-c5.result.json,11,11,20,17,29,10,10,17,756,3845,5703,251,23,226
icd,icd-l6-c38.result.json,10,10,20,17,27,10,10,13,96,1135,1944,209,10,197
icd,icd-l60-c5.result.json,11,11,20,17,28,10,10,16,756,3845,5703,248,23,222
icd,icd-l61-c27.result.json,11,11,20,16,27,10,10,18,756,3845,5703,247,21,224
icd,icd-l61-c5.result.json,11,11,20,16,29,10,10,18,756,3845,5703,292,24,266
icd,icd-l62-c25.result.json,11,11,20,17,29,10,10,17,756,3845,5703,263,22,239
icd,icd-l62-c5.result.json,11,11,20,17,26,10,10,16,756,3845,5703,246,23,221
icd,icd-l63-c20.result.json,10,10,20,17,27,10,10,13,636,3162,4646,240,20,206
icd,icd-l63-c5.result.json,11,11,20,16,27,10,10,17,756,3845,5703,250,23,225
icd,icd-l64-c17.result.json,9,9,20,17,28,10,10,13,360,2388,3849,103,12,90
icd,icd-l64-c25.result.json,11,11,20,17,26,10,10,16,756,3845,5703,246,22,221
icd,icd-l64-c33.result.json,7,7,20,17,27,10,10,12,276,1919,3082,100,37,61
icd,icd-l64-c5.result.json,11,11,20,16,27,10,10,16,756,3845,5703,254,21,230
icd,icd-l67-c37.result.json,10,10,20,16,27,10,10,14,771,4141,6207,234,24,208
icd,icd-l67-c48.result.json,11,11,20,16,26,10,10,16,771,4025,5939,211,22,187
icd,icd-l68-c17.result.json,11,11,20,17,27,10,10,15,771,4025,5939,238,22,214
icd,icd-l68-c27.result.json,7,10,20,16,27,10,10,12,771,4178,6074,215,22,178
icd,icd-l68-c5.result.json,11,11,20,17,28,10,10,16,771,4025,5939,208,22,184
icd,icd-l69-c18.result.json,11,11,20,17,28,10,10,17,771,4025,5939,241,23,215
icd,icd-l69-c5.result.json,11,11,20,17,28,10,10,16,771,4025,5939,212,23,186
icd,icd-l70-c22.result.json,11,11,20,16,26,10,10,15,771,4025,5939,209,21,186
icd,icd-l70-c5.result.json,11,11,20,16,26,10,10,15,771,4025,5939,209,21,185
icd,icd-l71-c27.result.json,11,11,20,16,29,10,10,16,771,4025,5939,259,24,232
icd,icd-l71-c5.result.json,11,11,20,16,25,10,10,14,771,4025,5939,220,22,196
icd,icd-l72-c25.result.json,11,11,20,16,26,10,10,14,771,4025,5939,208,21,185
icd,icd-l72-c5.result.json,11,11,20,17,28,10,10,16,771,4025,5939,215,23,190
icd,icd-l73-c20.result.json,10,10,20,17,27,10,10,15,771,3864,5627,242,22,205
icd,icd-l73-c5.result.json,11,11,20,17,28,10,10,16,771,4025,5939,211,22,187
icd,icd-l74-c17.result.json,9,9,20,17,27,10,9,11,426,2768,4393,103,12,90
icd,icd-l74-c25.result.json,10,10,20,16,25,10,10,14,771,4141,6207,229,22,204
icd,icd-l74-c5.result.json,11,11,20,16,25,10,10,14,771,4025,5939,251,23,225
icd,icd-l77-c38.result.json,10,10,20,16,27,10,10,14,771,4141,6207,237,23,212
icd,icd-l77-c49.result.json,11,11,20,16,23,10,10,14,771,4025,5939,209,21,186
icd,icd-l78-c22.result.json,11,11,20,17,27,10,10,16,771,4025,5939,206,21,183
icd,icd-l78-c4.result.json,11,11,20,17,27,10,10,15,771,4025,5939,244,24,218
icd,icd-l78-c47.result.json,11,11,20,16,25,10,10,14,771,4025,5939,211,21,188
icd,icd-l79-c8.result.json,11,11,20,17,26,10,10,16,756,3845,5703,246,22,222
icd,icd-l80-c18.result.json,11,11,20,16,27,10,10,16,756,3845,5703,248,23,224
icd,icd-l80-c5.result.json,11,11,20,17,28,10,10,16,756,3845,5703,278,22,254
icd,icd-l81-c22.result.json,11,11,20,17,29,10,10,17,756,3845,5703,246,21,222
icd,icd-l81-c5.result.json,11,11,20,17,25,10,10,16,756,3845,5703,248,23,223
icd,icd-l82-c27.result.json,11,11,20,16,30,10,10,19,756,3845,5703,281,22,257
icd,icd-l82-c35.result.json,7,7,20,17,27,10,10,12,276,1919,3082,75,10,63
icd,icd-l82-c5.result.json,11,11,20,16,23,10,10,13,756,3845,5703,248,22,225
icd,icd-l83-c25.result.json,11,11,20,17,25,10,10,16,756,3845,5703,284,23,258
icd,icd-l83-c5.result.json,11,11,20,17,25,10,10,15,756,3845,5703,308,23,282
icd,icd-l84-c20.result.json,10,10,20,17,27,10,10,12,636,3162,4646,234,21,197
icd,icd-l84-c5.result.json,11,11,20,17,26,10,10,16,756,3845,5703,267,22,243
icd,icd-l85-c17.result.json,9,9,20,17,28,10,10,13,360,2388,3849,140,13,126
icd,icd-l85-c25.result.json,11,11,20,16,25,10,10,15,756,3845,5703,280,22,257
icd,icd-l85-c33.result.json,7,7,20,17,27,10,10,12,276,1919,3082,82,14,67
icd,icd-l85-c5.result.json,11,11,20,16,24,10,10,15,756,3845,5703,364,22,338
icd,icd-l88-c18.result.json,11,11,20,17,25,10,10,16,756,3845,5703,346,35,309
icd,icd-l88-c5.result.json,11,11,20,17,29,10,10,16,756,3845,5703,354,25,326
icd,icd-l89-c27.result.json,11,11,20,17,26,10,10,16,756,3845,5703,315,50,263
icd,icd-l89-c5.result.json,11,11,20,16,27,10,10,17,756,3845,5703,294,30,262
icd,icd-l90-c22.result.json,11,11,20,16,24,10,10,15,756,3845,5703,289,24,261
icd,icd-l90-c5.result.json,11,11,20,16,24,10,10,14,756,3845,5703,337,23,311
icd,icd-l91-c25.result.json,11,11,20,17,29,10,10,17,756,3845,5703,343,26,315
icd,icd-l91-c5.result.json,11,11,20,17,28,10,10,17,756,3845,5703,295,22,269
icd,icd-l92-c5.result.json,11,11,20,16,29,10,10,16,756,3845,5703,299,28,270
java_meta_model,java_meta_model-l108-c15.result.json,10,10,26,25,42,21,19,29,862,9340,15568,2032,73,1946
java_meta_model,java_meta_model-l108-c28.result.json,12,12,26,22,43,21,15,25,1114,10428,16904,1803,63,1735
java_meta_model,java_meta_model-l12-c44.result.json,10,10,26,23,36,21,14,18,322,6704,11760,1037,59,976
java_meta_model,java_meta_model-l131-c66.result.json,12,12,26,22,36,21,15,17,1202,11997,19163,1475,52,1419
java_meta_model,java_meta_model-l131-c75.result.json,12,12,26,22,36,21,15,17,1202,11997,19163,1442,51,1388
java_meta_model,java_meta_model-l135-c19.result.json,10,10,26,24,39,21,17,24,502,7709,13030,1161,44,1002
java_meta_model,java_meta_model-l135-c21.result.json,8,8,26,22,36,21,15,17,434,7266,12467,766,58,704
java_meta_model,java_meta_model-l139-c26.result.json,8,8,26,22,35,21,13,14,546,8274,13867,793,49,739
java_meta_model,java_meta_model-l139-c39.result.json,12,12,26,22,36,21,15,17,850,10440,16793,1687,55,1629
java_meta_model,java_meta_model-l139-c47.result.json,12,12,26,22,36,21,15,17,850,10440,16793,1603,52,1548
java_meta_model,java_meta_model-l144-c44.result.json,15,15,26,23,41,21,15,21,2853,30409,52914,2747,191,2552
java_meta_model,java_meta_model-l144-c52.result.json,15,15,26,23,41,21,13,20,2853,30409,52914,2637,152,2480
java_meta_model,java_meta_model-l144-c63.result.json,7,10,26,23,40,21,14,20,1222,12274,19989,1259,50,1106
java_meta_model,java_meta_model-l144-c69.result.json,10,10,26,23,40,21,14,21,1222,11982,19533,934,53,879
java_meta_model,java_meta_model-l144-c71.result.json,12,12,26,22,37,21,15,18,1642,14484,23255,1523,56,1463
java_meta_model,java_meta_model-l150-c11.result.json,0,0,26,23,46,21,14,27,322,6595,11559,52,51,0
java_meta_model,java_meta_model-l150-c23.result.json,10,10,26,23,36,21,15,19,682,8448,14509,1559,44,1509
java_meta_model,java_meta_model-l154-c10.result.json,10,10,26,23,36,21,14,17,682,8448,14509,1550,42,1504
java_meta_model,java_meta_model-l16-c35.result.json,10,10,26,23,40,21,14,22,322,6704,11760,1005,41,963
java_meta_model,java_meta_model-l162-c10.result.json,10,10,26,24,42,21,15,25,682,8448,14509,1787,43,1740
java_meta_model,java_meta_model-l168-c7.result.json,10,10,26,24,42,21,16,25,682,8448,14509,1473,41,1428
java_meta_model,java_meta_model-l176-c10.result.json,10,10,26,23,36,21,14,18,682,8448,14509,1501,48,1447
java_meta_model,java_meta_model-l18-c28.result.json,10,10,26,23,36,21,15,19,322,6704,11760,917,40,874
java_meta_model,java_meta_model-l180-c11.result.json,10,10,26,23,36,21,16,20,682,8448,14509,1466,46,1416
java_meta_model,java_meta_model-l184-c12.result.json,0,0,26,18,36,21,6,16,322,6595,11559,38,37,0
java_meta_model,java_meta_model-l189-c37.result.json,9,10,26,24,47,21,16,30,862,9529,15688,1029,47,879
java_meta_model,java_meta_model-l189-c39.result.json,12,12,26,22,35,21,13,14,1114,10524,17051,1947,72,1871
java_meta_model,java_meta_model-l197-c38.result.json,10,10,26,23,38,21,15,18,862,9439,15454,1359,49,1188
java_meta_model,java_meta_model-l197-c40.result.json,12,12,26,22,35,21,15,16,1114,10452,16883,1927,78,1841
java_meta_model,java_meta_model-l20-c18.result.json,10,10,26,23,36,21,13,17,322,6704,11760,1116,56,1057
java_meta_model,java_meta_model-l201-c11.result.json,10,10,26,23,37,21,15,22,322,6704,11760,1124,38,939
java_meta_model,java_meta_model-l201-c11.result.json,10,10,26,23,36,21,14,18,322,6704,11760,2097,84,1867
java_meta_model,java_meta_model-l201-c18.result.json,12,12,26,24,42,21,15,24,322,6845,12163,2402,73,2315
java_meta_model,java_meta_model-l206-c17.result.json,12,12,26,23,36,21,15,18,850,9233,15619,2429,82,2335
java_meta_model,java_meta_model-l209-c17.result.json,12,12,26,23,36,21,15,19,850,9233,15619,2321,59,2255
java_meta_model,java_meta_model-l209-c32.result.json,12,12,26,24,42,21,17,26,850,9233,15619,2021,63,1952
java_meta_model,java_meta_model-l209-c43.result.json,9,10,26,23,36,21,16,20,682,9087,15465,1173,49,1006
java_meta_model,java_meta_model-l212-c11.result.json,10,10,26,23,42,21,14,24,322,6704,11760,1087,48,920
java_meta_model,java_meta_model-l212-c17.result.json,13,13,26,22,35,21,15,16,322,6823,12017,1912,61,1848
java_meta_model,java_meta_model-l215-c35.result.json,12,12,26,22,35,21,15,16,1114,10428,16904,1651,49,1596
java_meta_model,java_meta_model-l216-c36.result.json,12,12,26,23,36,21,15,18,1378,11597,19030,2053,55,1992
java_meta_model,java_meta_model-l218-c11.result.json,1,1,26,18,26,21,6,6,322,6595,11559,168,46,25
java_meta_model,java_meta_model-l218-c17.result.json,14,14,26,23,41,21,16,23,487,17227,32719,2573,130,2440
java_meta_model,java_meta_model-l221-c32.result.json,12,12,26,23,36,21,15,18,1378,13193,21823,2035,62,1967
java_meta_model,java_meta_model-l221-c39.result.json,12,12,26,23,36,21,14,17,1378,13193,21823,2021,56,1961
java_meta_model,java_meta_model-l227-c27.result.json,15,15,26,23,41,21,14,20,2587,29645,52427,2982,216,2763
java_meta_model,java_meta_model-l227-c36.result.json,15,15,26,23,47,21,16,25,2587,29645,52427,3110,199,2906
java_meta_model,java_meta_model-l227-c45.result.json,15,15,26,23,44,21,15,22,2587,29645,52427,2784,135,2645
java_meta_model,java_meta_model-l227-c52.result.json,8,10,26,23,40,21,13,19,1042,11886,19876,1063,49,909
java_meta_model,java_meta_model-l227-c55.result.json,15,15,26,23,41,21,15,21,2587,29645,52427,2776,139,2634
java_meta_model,java_meta_model-l227-c63.result.json,10,10,26,23,40,21,16,23,1042,11090,18474,1437,59,1375
java_meta_model,java_meta_model-l237-c6.result.json,14,14,26,24,47,21,17,29,487,17227,32719,2451,119,2329
java_meta_model,java_meta_model-l242-c34.result.json,12,12,26,22,36,21,15,17,1114,10428,16904,1755,49,1703
java_meta_model,java_meta_model-l245-c29.result.json,12,12,26,24,39,21,15,20,1378,13193,21823,1810,53,1752
java_meta_model,java_meta_model-l245-c36.result.json,12,12,26,24,39,21,15,20,1378,13193,21823,2102,71,2026
java_meta_model,java_meta_model-l245-c46.result.json,12,12,26,23,36,21,15,19,1378,13193,21823,1896,63,1825
java_meta_model,java_meta_model-l245-c63.result.json,12,12,26,23,36,21,14,17,1378,13193,21823,1875,52,1815
java_meta_model,java_meta_model-l245-c79.result.json,12,12,26,23,36,21,15,18,1378,13193,21823,2093,77,2011
java_meta_model,java_meta_model-l245-c83.result.json,7,10,26,21,37,21,10,14,1042,11902,20196,1117,47,973
java_meta_model,java_meta_model-l245-c85.result.json,12,12,26,23,39,21,15,21,1378,13193,21823,1901,60,1835
java_meta_model,java_meta_model-l245-c90.result.json,10,10,26,23,34,21,15,18,1042,11018,18306,955,49,905
java_meta_model,java_meta_model-l249-c20.result.json,12,12,26,23,36,21,14,17,850,9233,15619,1856,46,1805
java_meta_model,java_meta_model-l249-c40.result.json,12,12,26,24,39,21,14,20,850,9233,15619,2197,58,2135
java_meta_model,java_meta_model-l249-c55.result.json,12,12,26,23,36,21,15,19,850,9233,15619,1867,44,1816
java_meta_model,java_meta_model-l253-c28.result.json,12,12,26,24,39,21,15,21,3490,23217,36190,2479,64,2406
java_meta_model,java_meta_model-l253-c35.result.json,12,12,26,23,39,21,15,21,3490,23217,36190,2252,63,2182
java_meta_model,java_meta_model-l253-c44.result.json,12,12,26,23,36,21,15,19,3490,23217,36190,2408,63,2339
java_meta_model,java_meta_model-l253-c60.result.json,12,12,26,23,36,21,15,18,3490,23217,36190,2144,90,2049
java_meta_model,java_meta_model-l253-c77.result.json,12,12,26,25,42,21,16,25,3490,23217,36190,2446,95,2345
java_meta_model,java_meta_model-l253-c81.result.json,6,10,26,21,41,21,9,18,2482,18689,29622,1588,67,1385
java_meta_model,java_meta_model-l253-c83.result.json,12,12,26,24,39,21,15,21,3490,23217,36190,2503,74,2422
java_meta_model,java_meta_model-l253-c88.result.json,10,10,26,23,36,21,14,18,2482,17850,28095,1216,49,1164
java_meta_model,java_meta_model-l256-c28.result.json,12,12,26,24,39,21,15,20,2434,17409,27610,1946,53,1888
java_meta_model,java_meta_model-l256-c35.result.json,12,12,26,23,36,21,14,18,2434,17409,27610,1891,56,1829
java_meta_model,java_meta_model-l256-c45.result.json,12,12,26,24,39,21,14,19,2434,17409,27610,2139,74,2060
java_meta_model,java_meta_model-l256-c60.result.json,12,12,26,23,39,21,15,20,2434,17409,27610,2169,55,2107
java_meta_model,java_meta_model-l256-c77.result.json,12,12,26,23,36,21,15,18,2434,17409,27610,1911,61,1845
java_meta_model,java_meta_model-l256-c81.result.json,7,10,26,22,36,21,13,17,1762,14751,23950,1149,73,977
java_meta_model,java_meta_model-l256-c83.result.json,12,12,26,24,42,21,15,23,2434,17409,27610,1914,66,1842
java_meta_model,java_meta_model-l256-c88.result.json,10,10,26,23,36,21,15,18,1762,13890,22245,954,53,899
java_meta_model,java_meta_model-l260-c102.result.json,12,12,26,24,39,21,14,19,9826,43289,71059,2269,86,2178
java_meta_model,java_meta_model-l260-c106.result.json,6,10,26,23,41,21,14,23,6802,32365,53367,1203,66,1041
java_meta_model,java_meta_model-l260-c108.result.json,12,12,26,24,39,21,14,19,9826,43289,71059,2750,77,2664
java_meta_model,java_meta_model-l260-c113.result.json,10,10,26,23,34,21,15,17,6802,31538,51876,1182,55,1124
java_meta_model,java_meta_model-l260-c28.result.json,12,12,26,23,36,21,14,18,9826,43289,71059,2102,72,2025
java_meta_model,java_meta_model-l260-c35.result.json,12,12,26,23,36,21,16,19,9826,43289,71059,2189,83,2099
java_meta_model,java_meta_model-l260-c45.result.json,12,12,26,24,39,21,15,21,9826,43289,71059,2172,75,2091
java_meta_model,java_meta_model-l260-c62.result.json,12,12,26,23,36,21,13,16,9826,43289,71059,2149,73,2065
java_meta_model,java_meta_model-l260-c79.result.json,12,12,26,24,42,21,15,24,9826,43289,71059,2209,78,2125
java_meta_model,java_meta_model-l260-c90.result.json,12,12,26,23,36,21,14,18,9826,43289,71059,2143,73,2064
java_meta_model,java_meta_model-l268-c27.result.json,15,15,26,23,41,21,15,21,2587,29645,52427,3148,136,3009
java_meta_model,java_meta_model-l268-c35.result.json,15,15,26,23,41,21,16,22,2587,29645,52427,2733,139,2591
java_meta_model,java_meta_model-l268-c44.result.json,15,15,26,25,50,21,19,33,2587,29645,52427,2719,125,2591
java_meta_model,java_meta_model-l268-c51.result.json,8,10,26,23,40,21,15,22,1042,11886,19876,1201,57,1044
java_meta_model,java_meta_model-l268-c54.result.json,15,15,26,23,42,21,16,24,2587,29645,52427,3356,128,3226
java_meta_model,java_meta_model-l268-c62.result.json,10,10,26,24,46,21,16,29,1042,11090,18474,931,52,877
java_meta_model,java_meta_model-l273-c18.result.json,12,12,26,24,42,21,17,26,1906,13973,22462,1929,51,1873
java_meta_model,java_meta_model-l273-c38.result.json,12,12,26,24,39,21,17,22,1906,13973,22462,1830,48,1777
java_meta_model,java_meta_model-l273-c53.result.json,12,12,26,24,39,21,17,22,1906,13973,22462,1745,50,1686
java_meta_model,java_meta_model-l273-c58.result.json,10,10,26,23,36,21,15,19,1402,11546,18735,1319,76,1146
java_meta_model,java_meta_model-l273-c81.result.json,12,12,26,23,36,21,15,18,1906,13973,22462,2437,53,2379
java_meta_model,java_meta_model-l273-c83.result.json,0,0,26,18,36,21,6,16,322,6595,11559,43,43,0
java_meta_model,java_meta_model-l273-c95.result.json,12,12,26,23,36,21,14,17,1906,13973,22462,1739,51,1683
java_meta_model,java_meta_model-l273-c97.result.json,6,6,26,23,36,21,15,19,682,8262,13937,329,43,281
java_meta_model,java_meta_model-l278-c32.result.json,9,10,26,23,40,21,17,25,682,9455,15500,1264,70,1092
java_meta_model,java_meta_model-l278-c35.result.json,12,12,26,22,36,21,15,17,850,10440,16793,1910,49,1855
java_meta_model,java_meta_model-l281-c24.result.json,12,12,26,23,36,21,15,18,1378,11609,19051,2474,68,2401
java_meta_model,java_meta_model-l281-c39.result.json,12,12,26,23,36,21,15,19,1378,11609,19051,2489,60,2424
java_meta_model,java_meta_model-l281-c4.result.json,12,12,26,23,36,21,15,18,1378,11609,19051,2281,72,2204
java_meta_model,java_meta_model-l286-c2.result.json,12,12,26,24,46,21,15,26,1378,11609,19051,1951,47,1901
java_meta_model,java_meta_model-l286-c29.result.json,12,12,26,23,36,21,13,16,1378,11609,19051,1738,51,1683
java_meta_model,java_meta_model-l286-c34.result.json,10,10,26,23,36,21,16,19,1042,9938,16416,1499,69,1234
java_meta_model,java_meta_model-l286-c7.result.json,10,10,26,23,40,21,15,24,1042,9938,16416,1429,60,1252
java_meta_model,java_meta_model-l290-c18.result.json,12,12,26,24,39,21,17,22,1906,13973,22462,2355,82,2268
java_meta_model,java_meta_model-l290-c38.result.json,12,12,26,24,42,21,17,26,1906,13973,22462,2084,65,2013
java_meta_model,java_meta_model-l290-c53.result.json,12,12,26,25,42,21,18,26,1906,13973,22462,1823,53,1766
java_meta_model,java_meta_model-l290-c58.result.json,10,10,26,23,37,21,16,22,1402,11546,18735,1443,72,1155
java_meta_model,java_meta_model-l290-c81.result.json,12,12,26,24,39,21,17,22,1906,13973,22462,2347,77,2263
java_meta_model,java_meta_model-l290-c83.result.json,0,0,26,18,30,21,6,9,322,6595,11559,48,46,0
java_meta_model,java_meta_model-l290-c95.result.json,12,12,26,24,42,21,15,23,1906,13973,22462,1857,79,1773
java_meta_model,java_meta_model-l290-c97.result.json,6,6,26,23,36,21,14,17,682,8262,13937,487,46,432
java_meta_model,java_meta_model-l297-c27.result.json,10,10,26,23,39,21,15,19,1402,11700,19147,1410,47,1360
java_meta_model,java_meta_model-l297-c35.result.json,12,12,26,22,36,21,13,17,1906,13973,22462,2631,75,2523
java_meta_model,java_meta_model-l298-c41.result.json,10,10,26,24,42,21,18,29,1402,11700,19147,1565,55,1500
java_meta_model,java_meta_model-l298-c55.result.json,13,13,26,24,46,21,17,28,1906,13973,22462,1840,57,1776
java_meta_model,java_meta_model-l348-c19.result.json,12,12,26,23,36,21,15,18,850,9233,15619,1758,48,1705
java_meta_model,java_meta_model-l348-c37.result.json,12,12,26,24,39,21,17,23,850,9233,15619,1786,48,1732
java_meta_model,java_meta_model-l348-c58.result.json,12,12,26,24,39,21,15,21,850,9233,15619,1748,51,1692
java_meta_model,java_meta_model-l348-c79.result.json,12,12,26,24,39,21,15,21,850,9233,15619,1737,46,1684
java_meta_model,java_meta_model-l353-c37.result.json,12,12,26,23,39,21,15,19,1378,11597,19030,1728,46,1677
java_meta_model,java_meta_model-l354-c35.result.json,12,12,26,22,35,21,13,14,1114,10428,16904,1436,59,1373
java_meta_model,java_meta_model-l355-c35.result.json,14,14,26,24,44,21,16,24,2307,25287,44878,2365,140,2222
java_meta_model,java_meta_model-l359-c33.result.json,12,12,26,22,36,21,15,17,850,10440,16793,1596,47,1544
java_meta_model,java_meta_model-l359-c46.result.json,12,12,26,22,35,21,15,16,850,10440,16793,1453,47,1402
java_meta_model,java_meta_model-l359-c60.result.json,12,12,26,22,36,21,15,17,850,10440,16793,1540,45,1491
java_meta_model,java_meta_model-l359-c68.result.json,12,12,26,22,36,21,14,16,850,10440,16793,1535,54,1477
java_meta_model,java_meta_model-l45-c25.result.json,10,10,26,23,37,21,15,22,322,6704,11760,998,45,951
java_meta_model,java_meta_model-l49-c38.result.json,10,10,26,24,37,21,15,21,322,6704,11760,892,43,848
java_meta_model,java_meta_model-l52-c29.result.json,10,10,26,23,36,21,15,19,322,6704,11760,892,40,850
java_meta_model,java_meta_model-l58-c40.result.json,10,10,26,23,42,21,14,24,322,6704,11760,952,46,904
java_meta_model,java_meta_model-l67-c28.result.json,10,10,26,23,36,21,15,19,322,6704,11760,1004,42,960
java_meta_model,java_meta_model-l73-c39.result.json,10,10,26,23,36,21,15,18,322,6704,11760,865,41,823
java_meta_model,java_meta_model-l8-c38.result.json,10,10,26,23,36,21,15,19,322,6704,11760,1000,44,954
java_meta_model,java_meta_model-l80-c49.result.json,10,10,26,23,36,21,15,18,1042,10080,16807,1390,45,1341
java_meta_model,java_meta_model-l80-c56.result.json,12,12,26,23,36,21,13,17,1378,11597,19030,1874,53,1817
java_meta_model,java_meta_model-l82-c48.result.json,12,12,26,23,36,21,13,17,1378,11597,19030,1711,52,1654
java_meta_model,java_meta_model-l82-c61.result.json,7,7,26,22,39,21,13,19,658,8161,13800,457,45,407
java_meta_model,java_meta_model-l82-c69.result.json,12,12,26,23,36,21,13,16,1378,11597,19030,1879,48,1827
java_meta_model,java_meta_model-l89-c15.result.json,10,10,26,24,39,21,18,24,862,9340,15568,1407,46,1357
java_meta_model,java_meta_model-l89-c27.result.json,12,12,26,23,40,21,17,22,1543,21511,38567,1558,124,1431
java_meta_model,java_meta_model-l93-c59.result.json,12,12,26,23,36,21,15,18,1378,11597,19030,1803,50,1749
java_meta_model,java_meta_model-l93-c72.result.json,7,7,26,23,36,21,15,19,658,8161,13800,443,43,396
java_meta_model,java_meta_model-l93-c86.result.json,12,12,26,23,36,21,15,18,1378,11597,19030,1776,49,1723
modelo-alloy,modelo-alloy-l109-c23.result.json,10,10,40,23,36,27,12,15,588,9553,20873,1926,62,1852
modelo-alloy,modelo-alloy-l113-c22.result.json,10,10,40,22,38,27,13,23,588,9553,20873,1196,53,1140
modelo-alloy,modelo-alloy-l128-c24.result.json,10,10,40,23,32,27,14,20,1308,12827,25683,1182,50,1118
modelo-alloy,modelo-alloy-l128-c37.result.json,2,3,40,19,32,27,8,16,636,9980,21950,966,68,498
modelo-alloy,modelo-alloy-l128-c39.result.json,10,10,40,21,30,27,14,17,1308,12827,25683,1092,48,1031
modelo-alloy,modelo-alloy-l137-c26.result.json,8,9,40,24,38,27,15,23,1164,14011,28095,1365,50,959
modelo-alloy,modelo-alloy-l137-c29.result.json,10,10,40,21,34,27,12,23,1308,13907,27573,1131,42,1076
modelo-alloy,modelo-alloy-l137-c51.result.json,8,9,40,23,34,27,14,22,1164,14011,28095,1377,48,955
modelo-alloy,modelo-alloy-l137-c54.result.json,10,10,40,21,34,27,12,19,1308,13907,27573,1083,44,1027
modelo-alloy,modelo-alloy-l143-c27.result.json,3,3,40,25,41,27,15,21,612,9685,20975,514,41,235
modelo-alloy,modelo-alloy-l143-c29.result.json,6,6,40,24,45,27,17,26,708,10235,21929,709,44,659
modelo-alloy,modelo-alloy-l143-c39.result.json,10,10,40,22,33,27,14,18,948,11243,23385,1099,48,1041
modelo-alloy,modelo-alloy-l15-c18.result.json,10,10,40,23,38,27,13,20,588,9553,20873,1044,44,998
modelo-alloy,modelo-alloy-l151-c38.result.json,6,6,40,26,45,27,18,29,828,10751,22667,692,45,642
modelo-alloy,modelo-alloy-l159-c20.result.json,4,4,40,22,36,27,12,17,612,9630,20978,497,37,457
modelo-alloy,modelo-alloy-l164-c16.result.json,2,2,40,13,16,27,2,2,588,9458,20702,36,35,0
modelo-alloy,modelo-alloy-l170-c25.result.json,6,6,40,24,42,27,17,20,708,10235,21929,778,50,723
modelo-alloy,modelo-alloy-l170-c39.result.json,4,5,40,21,31,27,13,16,620,9685,21081,359,43,312
modelo-alloy,modelo-alloy-l170-c63.result.json,2,2,40,17,24,27,2,3,588,9458,20702,37,35,0
modelo-alloy,modelo-alloy-l19-c16.result.json,10,10,40,22,37,27,12,16,588,9553,20873,1041,46,993
modelo-alloy,modelo-alloy-l199-c47.result.json,4,4,40,21,34,27,16,21,684,10251,21797,690,42,387
modelo-alloy,modelo-alloy-l199-c50.result.json,6,6,40,26,41,27,17,23,828,10859,22856,661,41,615
modelo-alloy,modelo-alloy-l2-c87.result.json,10,10,40,24,34,27,12,16,588,9564,20892,1036,43,991
modelo-alloy,modelo-alloy-l208-c21.result.json,10,10,40,22,31,27,16,21,948,11207,23343,1170,46,1115
modelo-alloy,modelo-alloy-l219-c26.result.json,8,9,40,21,33,27,12,20,1164,14011,28095,1304,51,910
modelo-alloy,modelo-alloy-l219-c29.result.json,10,10,40,20,33,27,13,22,1308,13907,27573,1149,42,1095
modelo-alloy,modelo-alloy-l251-c46.result.json,6,6,40,26,45,27,19,25,708,10235,21929,653,43,605
modelo-alloy,modelo-alloy-l292-c30.result.json,6,6,40,22,31,27,16,19,708,10235,21929,649,42,602
modelo-alloy,modelo-alloy-l292-c39.result.json,10,10,40,21,33,27,14,22,948,11243,23385,1145,55,1080
modelo-alloy,modelo-alloy-l300-c22.result.json,1,1,40,17,27,27,8,13,588,9458,20702,523,38,211
modelo-alloy,modelo-alloy-l300-c25.result.json,1,1,40,17,24,27,2,2,588,9458,20702,222,44,171
modelo-alloy,modelo-alloy-l300-c47.result.json,1,1,40,15,19,27,3,6,588,9458,20702,463,36,161
modelo-alloy,modelo-alloy-l300-c50.result.json,1,1,40,15,19,27,3,5,588,9458,20702,218,36,176
modelo-alloy,modelo-alloy-l301-c17.result.json,2,2,40,11,13,27,2,2,588,9458,20702,235,38,194
modelo-alloy,modelo-alloy-l301-c32.result.json,1,1,40,14,17,27,3,3,588,9458,20702,228,38,183
modelo-alloy,modelo-alloy-l301-c42.result.json,2,2,40,13,16,27,3,4,588,9458,20702,194,35,156
modelo-alloy,modelo-alloy-l301-c7.result.json,1,1,40,16,24,27,3,6,588,9458,20702,225,39,181
modelo-alloy,modelo-alloy-l324-c41.result.json,10,10,40,15,34,27,10,20,1308,13907,27573,1195,62,1120
modelo-alloy,modelo-alloy-l324-c52.result.json,10,10,40,19,39,27,12,23,1308,13907,27573,1213,61,1139
modelo-alloy,modelo-alloy-l332-c21.result.json,1,1,40,14,18,27,3,4,588,9458,20702,203,34,164
modelo-alloy,modelo-alloy-l332-c34.result.json,1,1,40,18,31,27,7,14,588,9458,20702,204,39,155
modelo-alloy,modelo-alloy-l343-c23.result.json,10,10,40,22,31,27,14,18,948,11207,23343,1111,45,1056
modelo-alloy,modelo-alloy-l353-c26.result.json,6,6,40,23,40,27,17,21,708,10235,21929,724,40,679
modelo-alloy,modelo-alloy-l353-c35.result.json,10,10,40,24,38,27,17,24,948,11243,23385,1086,40,1036
modelo-alloy,modelo-alloy-l371-c18.result.json,10,10,40,22,34,27,14,20,948,11207,23343,1098,44,1040
modelo-alloy,modelo-alloy-l382-c34.result.json,1,1,40,14,22,27,3,6,588,9458,20702,280,39,194
modelo-alloy,modelo-alloy-l382-c47.result.json,1,1,40,15,25,27,3,6,588,9458,20702,228,38,184
modelo-alloy,modelo-alloy-l398-c44.result.json,6,6,40,26,47,27,18,24,708,10235,21929,767,46,716
modelo-alloy,modelo-alloy-l399-c47.result.json,6,6,40,25,40,27,16,19,708,10235,21929,702,44,652
modelo-alloy,modelo-alloy-l404-c46.result.json,4,4,40,22,46,27,14,27,684,10251,21797,694,47,421
modelo-alloy,modelo-alloy-l404-c49.result.json,6,6,40,25,39,27,18,22,828,10859,22856,653,47,601
modelo-alloy,modelo-alloy-l416-c18.result.json,10,10,40,26,47,27,18,33,948,11243,23385,1096,42,1044
modelo-alloy,modelo-alloy-l416-c9.result.json,6,6,40,24,49,27,16,27,708,10235,21929,683,37,642
modelo-alloy,modelo-alloy-l443-c14.result.json,3,3,40,14,19,27,2,2,588,9461,20706,57,38,18
modelo-alloy,modelo-alloy-l444-c20.result.json,1,1,40,13,21,27,2,2,588,9458,20702,192,39,148
modelo-alloy,modelo-alloy-l463-c24.result.json,10,10,40,25,34,27,16,22,1308,12827,25683,1070,43,1017
modelo-alloy,modelo-alloy-l463-c37.result.json,2,3,40,21,32,27,12,19,636,9980,21950,954,43,523
modelo-alloy,modelo-alloy-l463-c39.result.json,10,10,40,24,34,27,16,23,1308,12827,25683,1264,45,1207
modelo-alloy,modelo-alloy-l470-c26.result.json,8,9,40,26,39,27,15,22,1164,14011,28095,1448,50,1020
modelo-alloy,modelo-alloy-l470-c29.result.json,10,10,40,19,35,27,11,19,1308,13907,27573,1128,49,1067
modelo-alloy,modelo-alloy-l470-c51.result.json,8,9,40,23,38,27,14,25,1164,14011,28095,1366,43,981
modelo-alloy,modelo-alloy-l470-c54.result.json,10,10,40,23,37,27,14,23,1308,13907,27573,1175,52,1109
modelo-alloy,modelo-alloy-l475-c30.result.json,6,6,40,24,45,27,18,25,708,10235,21929,620,42,573
modelo-alloy,modelo-alloy-l475-c39.result.json,10,10,40,23,38,27,16,25,948,11243,23385,1129,44,1075
modelo-alloy,modelo-alloy-l481-c23.result.json,10,10,40,23,31,27,14,19,948,11207,23343,1123,40,1074
modelo-alloy,modelo-alloy-l481-c23.result.json,10,10,40,20,31,27,12,21,948,11207,23343,2055,58,1963
modelo-alloy,modelo-alloy-l485-c20.result.json,10,10,40,23,36,27,16,22,948,11207,23343,1227,45,1165
modelo-alloy,modelo-alloy-l489-c18.result.json,10,10,40,23,39,27,14,27,948,11207,23343,1191,52,1127
modelo-alloy,modelo-alloy-l495-c27.result.json,6,6,40,25,50,27,16,26,708,10235,21929,695,66,623
modelo-alloy,modelo-alloy-l495-c45.result.json,0,0,40,19,33,27,8,16,588,9458,20702,38,37,0
modelo-alloy,modelo-alloy-l498-c27.result.json,6,6,40,26,51,27,18,32,708,10235,21929,638,40,592
modelo-alloy,modelo-alloy-l498-c45.result.json,0,0,40,16,20,27,3,3,588,9458,20702,36,35,0
modelo-alloy,modelo-alloy-l5-c74.result.json,10,10,40,23,31,27,14,17,588,9564,20892,1068,45,1021
modelo-alloy,modelo-alloy-l83-c23.result.json,10,10,40,26,36,27,14,18,588,9553,20873,1081,41,1038
modelo-alloy,modelo-alloy-l92-c18.result.json,10,10,40,22,32,27,13,16,588,9553,20873,1141,47,1091
java_meta_model_fixable,java_meta_model_fixable-l101-c5.result.json,0,0,26,23,38,21,14,18,322,8024,12822,315,277,0
java_meta_model_fixable,java_meta_model_fixable-l106-c100.result.json,8,8,26,23,43,21,17,27,882,10783,16747,1011,56,941
java_meta_model_fixable,java_meta_model_fixable-l106-c112.result.json,7,7,26,23,34,21,16,17,622,9711,15291,470,50,414
java_meta_model_fixable,java_meta_model_fixable-l106-c120.result.json,10,10,26,25,40,21,20,25,1222,12473,19297,1340,44,1282
java_meta_model_fixable,java_meta_model_fixable-l106-c59.result.json,10,10,26,24,41,21,18,24,1222,12473,19297,1198,47,1144
java_meta_model_fixable,java_meta_model_fixable-l106-c72.result.json,12,12,26,22,38,21,15,16,1642,14317,21725,1227,39,1182
java_meta_model_fixable,java_meta_model_fixable-l106-c98.result.json,5,5,26,21,33,21,8,8,522,9245,14497,379,33,204
java_meta_model_fixable,java_meta_model_fixable-l131-c66.result.json,12,12,26,22,38,21,15,16,1202,13426,20426,1098,40,1054
java_meta_model_fixable,java_meta_model_fixable-l131-c75.result.json,12,12,26,24,41,21,16,18,1202,13426,20426,1064,38,1021
java_meta_model_fixable,java_meta_model_fixable-l135-c19.result.json,10,10,26,24,37,21,17,17,502,9138,14293,955,69,694
java_meta_model_fixable,java_meta_model_fixable-l135-c21.result.json,8,8,26,22,45,21,14,25,434,8695,13730,589,32,552
java_meta_model_fixable,java_meta_model_fixable-l139-c26.result.json,8,8,26,23,44,21,14,27,546,9703,15130,539,32,502
java_meta_model_fixable,java_meta_model_fixable-l139-c39.result.json,12,12,26,23,44,21,17,27,850,11869,18056,1209,42,1163
java_meta_model_fixable,java_meta_model_fixable-l139-c47.result.json,12,12,26,23,43,21,17,24,850,11869,18056,1235,38,1193
java_meta_model_fixable,java_meta_model_fixable-l144-c44.result.json,15,15,26,22,37,21,14,20,2142,19051,29294,1902,49,1850
java_meta_model_fixable,java_meta_model_fixable-l144-c52.result.json,15,15,26,24,43,21,19,22,2142,19051,29294,1833,64,1766
java_meta_model_fixable,java_meta_model_fixable-l144-c63.result.json,8,10,26,22,41,21,8,11,1222,13703,21252,845,36,680
java_meta_model_fixable,java_meta_model_fixable-l144-c69.result.json,10,10,26,24,38,21,15,16,1222,13658,21181,827,34,665
java_meta_model_fixable,java_meta_model_fixable-l144-c71.result.json,12,12,26,22,36,21,14,16,1642,15913,24518,1248,41,1202
java_meta_model_fixable,java_meta_model_fixable-l149-c53.result.json,0,0,26,23,35,21,13,16,322,8024,12822,28,27,0
java_meta_model_fixable,java_meta_model_fixable-l149-c68.result.json,0,0,26,19,26,21,8,8,322,8024,12822,27,26,0
java_meta_model_fixable,java_meta_model_fixable-l150-c11.result.json,0,0,26,22,37,21,11,14,322,8024,12822,25,24,0
java_meta_model_fixable,java_meta_model_fixable-l150-c110.result.json,1,1,26,23,38,21,14,17,322,8024,12822,233,23,204
java_meta_model_fixable,java_meta_model_fixable-l150-c23.result.json,0,0,26,23,35,21,13,14,322,8024,12822,24,23,0
java_meta_model_fixable,java_meta_model_fixable-l150-c44.result.json,1,1,26,22,35,21,11,15,322,8024,12822,253,31,88
java_meta_model_fixable,java_meta_model_fixable-l150-c47.result.json,1,1,26,22,36,21,10,14,322,8024,12822,243,23,213
java_meta_model_fixable,java_meta_model_fixable-l150-c55.result.json,1,1,26,22,35,21,8,10,322,8024,12822,266,24,196
java_meta_model_fixable,java_meta_model_fixable-l150-c63.result.json,1,1,26,23,38,21,13,15,322,8024,12822,229,25,197
java_meta_model_fixable,java_meta_model_fixable-l150-c91.result.json,1,1,26,21,35,21,5,8,322,8024,12822,294,23,83
java_meta_model_fixable,java_meta_model_fixable-l150-c94.result.json,1,1,26,21,35,21,5,8,322,8024,12822,150,25,120
java_meta_model_fixable,java_meta_model_fixable-l153-c10.result.json,3,3,26,23,37,21,16,18,322,8056,12881,78,28,46
java_meta_model_fixable,java_meta_model_fixable-l154-c34.result.json,12,12,26,22,39,21,13,14,2170,18193,27761,1182,41,1137
java_meta_model_fixable,java_meta_model_fixable-l154-c50.result.json,5,6,26,21,35,21,11,14,742,10927,17279,381,31,220
java_meta_model_fixable,java_meta_model_fixable-l154-c53.result.json,12,12,26,24,40,21,17,20,2170,18286,28060,1311,43,1263
java_meta_model_fixable,java_meta_model_fixable-l154-c61.result.json,10,10,26,25,40,21,20,25,1582,15089,23359,1292,76,1211
java_meta_model_fixable,java_meta_model_fixable-l154-c69.result.json,12,12,26,24,40,21,18,21,2170,18286,28060,1330,44,1281
java_meta_model_fixable,java_meta_model_fixable-l160-c54.result.json,0,0,26,23,35,21,13,15,322,8024,12822,27,26,0
java_meta_model_fixable,java_meta_model_fixable-l160-c69.result.json,0,0,26,23,38,21,13,16,322,8024,12822,26,25,0
java_meta_model_fixable,java_meta_model_fixable-l161-c10.result.json,3,3,26,22,35,21,13,15,322,8056,12881,73,27,42
java_meta_model_fixable,java_meta_model_fixable-l162-c18.result.json,1,1,26,23,35,21,13,15,322,8024,12822,235,22,80
java_meta_model_fixable,java_meta_model_fixable-l162-c21.result.json,1,1,26,23,35,21,13,15,322,8024,12822,228,23,200
java_meta_model_fixable,java_meta_model_fixable-l162-c29.result.json,1,1,26,22,34,21,14,16,322,8024,12822,254,22,225
java_meta_model_fixable,java_meta_model_fixable-l162-c37.result.json,1,1,26,23,36,21,13,15,322,8024,12822,221,22,193
java_meta_model_fixable,java_meta_model_fixable-l162-c49.result.json,1,1,26,23,46,21,13,21,322,8024,12822,334,30,106
java_meta_model_fixable,java_meta_model_fixable-l162-c52.result.json,1,1,26,23,37,21,14,17,322,8024,12822,195,32,158
java_meta_model_fixable,java_meta_model_fixable-l162-c67.result.json,1,1,26,20,34,21,6,8,322,8024,12822,303,30,267
java_meta_model_fixable,java_meta_model_fixable-l168-c7.result.json,10,10,26,23,39,21,16,25,682,9877,15772,1152,33,1114
java_meta_model_fixable,java_meta_model_fixable-l169-c101.result.json,4,5,26,23,42,21,17,24,642,10380,16660,357,32,142
java_meta_model_fixable,java_meta_model_fixable-l169-c104.result.json,8,8,26,23,44,21,17,30,1218,12799,19561,556,36,516
java_meta_model_fixable,java_meta_model_fixable-l169-c117.result.json,14,15,26,24,43,21,19,27,2850,21448,31996,1781,54,1724
java_meta_model_fixable,java_meta_model_fixable-l169-c36.result.json,12,12,26,23,43,21,16,21,2434,19069,28415,1211,43,1163
java_meta_model_fixable,java_meta_model_fixable-l169-c50.result.json,12,12,26,23,43,21,16,22,2434,19069,28415,1404,56,1344
java_meta_model_fixable,java_meta_model_fixable-l169-c66.result.json,4,5,26,24,46,21,18,31,642,10047,15677,354,36,169
java_meta_model_fixable,java_meta_model_fixable-l169-c69.result.json,13,13,26,24,46,21,17,30,2434,19162,28714,1568,45,1517
java_meta_model_fixable,java_meta_model_fixable-l169-c77.result.json,10,10,26,23,43,21,16,25,1762,15713,23845,1175,44,1125
java_meta_model_fixable,java_meta_model_fixable-l169-c89.result.json,14,15,26,24,43,21,19,27,2850,21448,31996,1674,50,1621
java_meta_model_fixable,java_meta_model_fixable-l175-c51.result.json,0,0,26,23,36,21,14,16,322,8024,12822,28,28,0
java_meta_model_fixable,java_meta_model_fixable-l175-c65.result.json,0,0,26,21,35,21,6,9,322,8024,12822,25,25,0
java_meta_model_fixable,java_meta_model_fixable-l176-c10.result.json,0,0,26,23,38,21,14,17,322,8024,12822,24,23,0
java_meta_model_fixable,java_meta_model_fixable-l177-c17.result.json,5,5,26,24,45,21,19,26,642,10047,15677,310,32,146
java_meta_model_fixable,java_meta_model_fixable-l177-c20.result.json,12,12,26,25,44,21,19,24,2434,19162,28714,1594,56,1531
java_meta_model_fixable,java_meta_model_fixable-l177-c28.result.json,10,10,26,24,43,21,17,23,1762,15713,23845,1175,44,1125
java_meta_model_fixable,java_meta_model_fixable-l177-c40.result.json,14,15,26,23,43,21,16,27,2850,21448,31996,1598,49,1545
java_meta_model_fixable,java_meta_model_fixable-l177-c68.result.json,3,5,26,23,46,21,17,27,642,10468,17180,363,31,146
java_meta_model_fixable,java_meta_model_fixable-l177-c71.result.json,8,8,26,22,41,21,15,23,1218,12799,19561,575,35,535
java_meta_model_fixable,java_meta_model_fixable-l177-c86.result.json,14,15,26,25,44,21,21,28,2850,21448,31996,1741,65,1673
java_meta_model_fixable,java_meta_model_fixable-l179-c52.result.json,0,0,26,21,34,21,5,9,322,8024,12822,32,31,0
java_meta_model_fixable,java_meta_model_fixable-l179-c66.result.json,0,0,26,24,46,21,18,31,322,8024,12822,33,32,0
java_meta_model_fixable,java_meta_model_fixable-l180-c11.result.json,0,0,26,22,38,21,8,14,322,8024,12822,36,36,0
java_meta_model_fixable,java_meta_model_fixable-l181-c17.result.json,4,5,26,23,40,21,15,22,642,10047,15677,355,31,186
java_meta_model_fixable,java_meta_model_fixable-l181-c20.result.json,12,12,26,24,46,21,19,32,2434,19162,28714,1423,47,1369
java_meta_model_fixable,java_meta_model_fixable-l181-c28.result.json,10,10,26,24,42,21,18,26,1762,15713,23845,1184,38,1140
java_meta_model_fixable,java_meta_model_fixable-l181-c40.result.json,14,15,26,24,43,21,19,27,2850,21448,31996,1622,50,1568
java_meta_model_fixable,java_meta_model_fixable-l181-c68.result.json,4,5,26,22,37,21,13,17,642,10468,17180,355,34,142
java_meta_model_fixable,java_meta_model_fixable-l181-c71.result.json,8,8,26,23,42,21,16,23,1218,12799,19561,500,35,460
java_meta_model_fixable,java_meta_model_fixable-l181-c86.result.json,14,15,26,23,39,21,17,25,2850,21448,31996,2012,146,1862
java_meta_model_fixable,java_meta_model_fixable-l183-c52.result.json,0,0,26,23,38,21,13,16,322,8024,12822,28,27,0
java_meta_model_fixable,java_meta_model_fixable-l183-c66.result.json,0,0,26,21,36,21,6,9,322,8024,12822,27,26,0
java_meta_model_fixable,java_meta_model_fixable-l184-c12.result.json,0,0,26,24,36,21,14,16,322,8024,12822,26,26,0
java_meta_model_fixable,java_meta_model_fixable-l185-c17.result.json,5,5,26,23,44,21,15,23,642,10047,15677,320,31,150
java_meta_model_fixable,java_meta_model_fixable-l185-c20.result.json,12,12,26,24,43,21,16,26,2434,19162,28714,1403,47,1350
java_meta_model_fixable,java_meta_model_fixable-l185-c28.result.json,10,10,26,24,42,21,18,26,1762,15713,23845,1198,40,1152
java_meta_model_fixable,java_meta_model_fixable-l185-c40.result.json,14,15,26,23,44,21,17,30,2850,21448,31996,1640,55,1581
java_meta_model_fixable,java_meta_model_fixable-l185-c68.result.json,4,5,26,23,42,21,17,27,642,10468,17180,355,32,141
java_meta_model_fixable,java_meta_model_fixable-l185-c71.result.json,8,8,26,23,42,21,17,29,1218,12799,19561,502,36,462
java_meta_model_fixable,java_meta_model_fixable-l185-c86.result.json,14,15,26,23,42,21,17,26,2850,21448,31996,1955,64,1886
java_meta_model_fixable,java_meta_model_fixable-l193-c28.result.json,12,12,26,23,42,21,17,21,1642,15829,24350,1428,42,1381
java_meta_model_fixable,java_meta_model_fixable-l193-c51.result.json,4,4,26,22,34,21,13,17,442,8800,13956,144,34,106
java_meta_model_fixable,java_meta_model_fixable-l193-c60.result.json,4,4,26,20,30,21,6,7,442,8800,13956,130,29,97
java_meta_model_fixable,java_meta_model_fixable-l193-c69.result.json,4,4,26,22,37,21,9,11,442,8800,13956,120,28,88
java_meta_model_fixable,java_meta_model_fixable-l193-c81.result.json,12,12,26,23,36,21,16,22,1642,15922,24649,1481,41,1436
java_meta_model_fixable,java_meta_model_fixable-l264-c29.result.json,1,1,26,22,35,21,8,10,322,8024,12822,303,25,143
java_meta_model_fixable,java_meta_model_fixable-l264-c35.result.json,1,1,26,23,34,21,13,13,322,8024,12822,311,26,146
java_meta_model_fixable,java_meta_model_fixable-l264-c38.result.json,1,1,26,21,35,21,6,9,322,8024,12822,209,23,182
java_meta_model_fixable,java_meta_model_fixable-l264-c56.result.json,1,1,26,22,34,21,8,10,322,8024,12822,310,23,153
java_meta_model_fixable,java_meta_model_fixable-l264-c59.result.json,1,1,26,21,35,21,5,9,322,8024,12822,214,24,185
java_meta_model_fixable,java_meta_model_fixable-l264-c76.result.json,1,1,26,24,37,21,14,16,322,8024,12822,357,27,157
java_meta_model_fixable,java_meta_model_fixable-l264-c79.result.json,1,1,26,22,35,21,10,14,322,8024,12822,172,26,141
java_meta_model_fixable,java_meta_model_fixable-l264-c95.result.json,1,1,26,23,35,21,13,15,322,8024,12822,324,26,154
java_meta_model_fixable,java_meta_model_fixable-l264-c98.result.json,1,1,26,21,34,21,5,8,322,8024,12822,218,26,187
java_meta_model_fixable,java_meta_model_fixable-l305-c4.result.json,7,7,26,23,41,21,14,18,658,9948,15790,352,31,318
java_meta_model_fixable,java_meta_model_fixable-l310-c6.result.json,5,6,26,22,35,21,12,12,434,8893,14218,186,31,153
java_meta_model_fixable,java_meta_model_fixable-l87-c101.result.json,8,8,26,22,42,21,15,20,882,10699,16579,593,35,554
java_meta_model_fixable,java_meta_model_fixable-l87-c114.result.json,5,5,26,23,40,21,14,19,442,8680,13746,125,28,91
java_meta_model_fixable,java_meta_model_fixable-l87-c122.result.json,10,10,26,24,36,21,17,21,1222,12389,19129,1103,38,1059
java_meta_model_fixable,java_meta_model_fixable-l87-c60.result.json,10,10,26,24,38,21,18,23,1222,12389,19129,1204,36,1163
java_meta_model_fixable,java_meta_model_fixable-l87-c72.result.json,12,12,26,22,40,21,15,17,1642,14233,21557,1174,42,1127
java_meta_model_fixable,java_meta_model_fixable-l87-c99.result.json,6,6,26,21,37,21,10,13,622,9684,15080,547,36,376
java_meta_model_fixable,java_meta_model_fixable-l97-c5.result.json,0,0,26,22,36,21,13,16,322,8024,12822,34,29,0
git-fixable,git-fixable-l198-c15.result.json,7,8,10,8,12,17,7,11,794,5776,9204,501,51,427
git-fixable,git-fixable-l198-c25.result.json,10,11,10,9,25,17,8,17,1212,8084,13162,521,51,461
git-fixable,git-fixable-l198-c33.result.json,10,11,10,9,19,17,10,19,1212,8038,12888,408,40,360
git-fixable,git-fixable-l198-c44.result.json,10,10,10,9,15,17,5,9,1520,8946,13657,583,35,402
git-fixable,git-fixable-l198-c50.result.json,7,8,10,8,12,17,7,12,794,5776,9204,150,27,118
git-fixable,git-fixable-l211-c12.result.json,10,10,10,9,23,17,8,22,1250,7718,12003,486,27,348
git-fixable,git-fixable-l211-c17.result.json,6,7,10,8,17,17,9,21,706,5349,8583,132,24,102
git-fixable,git-fixable-l211-c19.result.json,9,9,10,10,18,17,9,18,722,5464,8766,125,23,88
git-fixable,git-fixable-l211-c7.result.json,7,8,10,8,19,17,8,12,722,5498,8854,129,24,100
git-fixable,git-fixable-l245-c108.result.json,7,9,10,9,23,17,4,5,1154,7131,11061,137,29,100
git-fixable,git-fixable-l245-c112.result.json,8,11,10,10,25,17,6,14,2690,16356,27116,537,45,354
git-fixable,git-fixable-l245-c119.result.json,6,8,10,7,15,17,5,6,1106,7000,10938,150,26,115
git-fixable,git-fixable-l245-c122.result.json,8,8,10,10,19,17,9,17,1298,8578,13426,150,26,115
git-fixable,git-fixable-l245-c138.result.json,9,9,10,8,23,17,7,11,1586,9517,15209,229,33,189
git-fixable,git-fixable-l245-c143.result.json,6,8,10,9,20,17,6,7,1154,7214,11254,118,24,89
git-fixable,git-fixable-l245-c164.result.json,10,11,10,9,18,17,7,12,2018,11436,17974,309,35,266
git-fixable,git-fixable-l245-c28.result.json,7,9,10,8,20,17,4,5,1154,7131,11061,136,27,101
git-fixable,git-fixable-l245-c32.result.json,8,10,10,10,23,17,7,14,2690,15550,24715,521,43,341
git-fixable,git-fixable-l245-c38.result.json,6,8,10,7,17,17,5,6,1106,7000,10938,129,28,96
git-fixable,git-fixable-l245-c50.result.json,11,11,10,10,23,17,9,16,2018,11436,17974,281,38,237
git-fixable,git-fixable-l245-c55.result.json,8,9,10,9,20,17,7,11,1394,8314,12856,188,26,157
git-fixable,git-fixable-l245-c58.result.json,8,10,10,10,21,17,7,7,1346,8251,12985,151,27,115
git-fixable,git-fixable-l254-c11.result.json,9,10,10,10,19,17,8,17,1970,10813,16358,370,27,327
git-fixable,git-fixable-l254-c15.result.json,7,9,10,8,16,17,10,19,1682,11615,18935,484,32,253
git-fixable,git-fixable-l254-c22.result.json,9,10,10,10,22,17,9,22,1970,12430,20245,469,31,321
git-fixable,git-fixable-l254-c30.result.json,6,7,10,8,22,17,7,16,818,5781,9167,87,22,60
git-fixable,git-fixable-l271-c22.result.json,5,6,10,8,16,17,6,8,950,8486,14399,322,29,180
git-fixable,git-fixable-l271-c28.result.json,6,7,10,10,20,17,10,20,782,5853,9293,95,24,65
git-fixable,git-fixable-l271-c55.result.json,8,10,10,10,18,17,7,13,1790,11195,16978,359,31,327
git-fixable,git-fixable-l271-c61.result.json,2,2,10,9,22,17,8,13,558,4705,7619,219,22,130
git-fixable,git-fixable-l271-c82.result.json,9,9,10,10,22,17,13,24,1146,8229,13439,243,27,210
git-fixable,git-fixable-l271-c92.result.json,8,9,10,10,22,17,7,13,866,6344,10030,107,22,76
git-fixable,git-fixable-l276-c111.result.json,9,9,10,10,22,17,13,22,1146,8229,13439,185,26,154
git-fixable,git-fixable-l276-c124.result.json,9,9,10,10,22,17,12,21,1146,8229,13439,183,24,148
git-fixable,git-fixable-l276-c23.result.json,6,6,10,8,16,17,5,9,950,8486,14399,317,26,180
git-fixable,git-fixable-l276-c29.result.json,6,7,10,8,13,17,7,11,782,5853,9293,89,21,63
git-fixable,git-fixable-l276-c57.result.json,8,10,10,10,19,17,8,15,1790,11195,16978,355,35,319
git-fixable,git-fixable-l276-c63.result.json,2,2,10,8,15,17,8,11,558,4705,7619,255,24,165
git-fixable,git-fixable-l276-c84.result.json,9,9,10,10,22,17,13,25,1146,8229,13439,228,31,191
git-fixable,git-fixable-l276-c94.result.json,8,9,10,10,22,17,8,14,866,6344,10030,114,23,82
git-fixable,git-fixable-l288-c20.result.json,10,10,10,10,22,17,7,16,1970,10746,16267,484,29,339
git-fixable,git-fixable-l288-c28.result.json,6,8,10,8,19,17,8,17,914,6256,9900,106,22,79
git-fixable,git-fixable-l288-c9.result.json,10,11,10,9,18,17,8,12,1522,9324,14960,242,29,208
git-fixable,git-fixable-l292-c18.result.json,6,8,10,8,16,17,8,15,1106,7411,11679,162,26,131
git-fixable,git-fixable-l292-c22.result.json,6,10,10,8,14,17,6,8,2690,17545,29181,493,37,337
git-fixable,git-fixable-l292-c24.result.json,10,11,10,10,22,17,13,26,2018,12300,19486,276,33,235
git-fixable,git-fixable-l292-c32.result.json,10,11,10,10,17,17,11,15,2018,11826,18092,278,29,231
git-fixable,git-fixable-l292-c43.result.json,5,7,10,7,20,17,5,12,1250,9238,15134,467,27,314
git-fixable,git-fixable-l292-c52.result.json,7,9,10,9,18,17,7,13,1154,7563,11817,116,23,85
git-fixable,git-fixable-l292-c62.result.json,7,8,10,7,16,17,7,13,1298,8234,12788,152,24,103
git-fixable,git-fixable-l292-c65.result.json,9,10,10,10,22,17,12,17,1538,9905,15947,181,27,148
git-fixable,git-fixable-l292-c7.result.json,6,8,10,8,20,17,8,18,1106,7411,11679,105,24,78
git-fixable,git-fixable-l292-c77.result.json,6,6,10,8,16,17,7,16,1250,8169,12875,323,26,181
git-fixable,git-fixable-l292-c88.result.json,10,10,10,9,20,17,10,16,1682,10640,17042,203,29,169
git-fixable,git-fixable-l296-c20.result.json,6,8,10,8,14,17,7,9,1106,7437,11729,105,23,78
git-fixable,git-fixable-l296-c24.result.json,8,10,10,9,20,17,5,11,2690,15161,22960,500,83,308
git-fixable,git-fixable-l296-c35.result.json,10,10,10,10,20,17,11,17,1682,10640,17042,203,32,165
git-fixable,git-fixable-l296-c45.result.json,0,0,10,5,13,17,5,8,530,4440,7202,17,17,0
git-fixable,git-fixable-l296-c8.result.json,6,8,10,8,16,17,8,14,1106,7437,11729,105,23,78
git-fixable,git-fixable-l346-c18.result.json,10,10,10,9,16,17,5,11,1970,10746,16267,502,35,350
git-fixable,git-fixable-l346-c26.result.json,7,8,10,8,14,17,7,11,914,6256,9900,126,26,95
git-fixable,git-fixable-l346-c7.result.json,11,11,10,9,21,17,11,16,1522,9324,14960,357,35,316
git-fixable,git-fixable-l384-c24.result.json,5,8,10,10,21,17,8,12,1010,7073,11236,106,22,78
git-fixable,git-fixable-l384-c33.result.json,5,8,10,10,19,17,7,8,1010,7009,11124,106,25,77
git-fixable,git-fixable-l384-c43.result.json,6,8,10,8,20,17,8,14,1010,7009,11124,107,24,78
git-fixable,git-fixable-l384-c53.result.json,7,9,10,8,16,17,8,10,1170,7894,12457,192,74,113
git-fixable,git-fixable-l384-c58.result.json,8,10,10,10,20,17,8,21,2330,13743,21023,326,33,291
git-fixable,git-fixable-l392-c24.result.json,5,8,10,8,16,17,6,9,1010,7073,11236,107,23,79
git-fixable,git-fixable-l392-c35.result.json,6,8,10,10,21,17,9,13,1010,7073,11236,103,22,78
git-fixable,git-fixable-l392-c47.result.json,6,8,10,10,21,17,10,18,1010,7073,11236,105,22,78
git-fixable,git-fixable-l392-c51.result.json,8,10,10,10,20,17,8,17,2330,13743,21023,505,32,354
git-fixable,git-fixable-l392-c58.result.json,5,8,10,10,21,17,9,18,1010,7047,11186,105,22,80
git-fixable,git-fixable-l392-c61.result.json,10,12,10,10,18,17,12,26,1770,13183,21124,239,30,202
git-fixable,git-fixable-l392-c69.result.json,7,8,10,10,20,17,10,17,1050,7611,12616,121,24,89
git-fixable,git-fixable-l392-c74.result.json,6,8,10,10,23,17,9,16,1010,7009,11124,130,24,102
git-fixable,git-fixable-l392-c79.result.json,3,4,10,10,18,17,6,8,770,6488,11174,256,22,170
git-fixable,git-fixable-l423-c18.result.json,10,10,10,9,18,17,5,11,1970,10746,16267,475,29,327
git-fixable,git-fixable-l423-c24.result.json,7,8,10,7,11,17,6,8,914,6256,9900,104,22,77
git-fixable,git-fixable-l423-c7.result.json,10,11,10,9,23,17,10,17,1522,9324,14960,348,34,304
git-fixable,git-fixable-l427-c15.result.json,10,10,10,9,18,17,4,4,1790,10206,15367,504,32,353
git-fixable,git-fixable-l427-c21.result.json,7,8,10,8,13,17,7,10,866,6112,9660,123,23,95
git-fixable,git-fixable-l427-c24.result.json,10,11,10,9,17,17,9,14,1062,7015,10999,204,24,175
git-fixable,git-fixable-l427-c37.result.json,10,11,10,10,19,17,12,20,1398,8952,14340,252,27,218
git-fixable,git-fixable-l427-c4.result.json,10,11,10,9,19,17,9,14,1398,8952,14340,269,35,229
git-fixable,git-fixable-l427-c48.result.json,10,10,10,10,18,17,8,16,1790,10206,15367,534,32,383
git-fixable,git-fixable-l427-c54.result.json,7,8,10,8,13,17,7,10,866,6112,9660,113,25,84
git-fixable,git-fixable-l427-c57.result.json,9,10,10,10,19,17,13,23,1006,6756,10632,152,23,120
git-fixable,git-fixable-l427-c67.result.json,6,8,10,10,18,17,9,18,838,6166,9986,125,24,88
git-fixable,git-fixable-l427-c90.result.json,6,6,10,8,16,17,7,14,950,8186,13889,327,30,153
git-fixable,git-fixable-l427-c98.result.json,7,8,10,8,13,17,7,10,866,6112,9660,136,26,104
git-fixable,git-fixable-l431-c10.result.json,5,6,10,8,17,17,6,10,950,8186,13889,287,27,140
git-fixable,git-fixable-l431-c18.result.json,7,8,10,8,13,17,7,10,866,6112,9660,105,22,78
git-fixable,git-fixable-l431-c26.result.json,10,11,10,10,22,17,12,19,1398,8952,14340,247,29,213
git-fixable,git-fixable-l431-c37.result.json,10,10,10,10,17,17,8,13,1790,10206,15367,518,29,371
git-fixable,git-fixable-l431-c43.result.json,7,8,10,8,13,17,7,10,866,6112,9660,104,20,79
git-fixable,git-fixable-l431-c46.result.json,8,10,10,9,19,17,7,13,1006,6756,10632,137,23,109
git-fixable,git-fixable-l431-c56.result.json,7,8,10,10,19,17,8,12,838,6166,9986,105,22,73
git-fixable,git-fixable-l431-c70.result.json,10,11,10,9,20,17,10,21,1398,8952,14340,243,30,207
git-fixable,git-fixable-l435-c109.result.json,8,9,10,9,20,17,9,19,838,6381,10711,176,25,146
git-fixable,git-fixable-l435-c120.result.json,10,10,10,10,17,17,8,14,1160,7326,11317,532,26,323
git-fixable,git-fixable-l435-c126.result.json,6,7,10,8,14,17,7,13,656,5121,8219,82,19,58
git-fixable,git-fixable-l435-c129.result.json,8,10,10,9,15,17,8,14,768,5668,9102,145,21,117
git-fixable,git-fixable-l435-c96.result.json,10,10,10,9,18,17,8,11,936,6837,11363,224,24,195
git-fixable,git-fixable-l439-c121.result.json,8,10,10,10,22,17,7,14,2510,14479,21760,409,34,360
git-fixable,git-fixable-l439-c125.result.json,9,9,10,10,20,17,13,25,2114,15119,25221,500,41,274
git-fixable,git-fixable-l439-c133.result.json,6,7,10,8,16,17,7,13,926,6501,10229,98,22,71
git-fixable,git-fixable-l439-c14.result.json,6,7,10,8,18,17,7,15,926,6501,10229,94,28,62
git-fixable,git-fixable-l439-c142.result.json,8,10,10,10,20,17,7,13,2510,15613,24530,571,48,407
git-fixable,git-fixable-l439-c149.result.json,5,9,10,8,16,17,5,11,1454,9189,14125,221,35,177
git-fixable,git-fixable-l439-c18.result.json,8,10,10,10,20,17,9,18,2510,15950,25314,610,58,434
git-fixable,git-fixable-l439-c30.result.json,7,10,10,8,16,17,6,14,2510,16012,25649,683,57,430
git-fixable,git-fixable-l439-c32.result.json,8,9,10,9,20,17,6,10,1498,9813,15727,260,30,219
git-fixable,git-fixable-l439-c40.result.json,7,8,10,8,16,17,8,14,1234,7978,12340,204,36,150
git-fixable,git-fixable-l439-c62.result.json,8,10,10,10,22,17,8,17,2510,14479,21760,457,55,379
git-fixable,git-fixable-l439-c66.result.json,8,9,10,8,16,17,9,22,2114,15119,25221,723,45,427
git-fixable,git-fixable-l439-c74.result.json,6,7,10,10,20,17,9,15,926,6501,10229,109,31,72
git-fixable,git-fixable-l439-c80.result.json,10,10,10,10,20,17,8,14,2510,14346,21577,532,49,337
git-fixable,git-fixable-l439-c82.result.json,9,9,10,10,22,17,11,21,1498,9813,15727,255,40,207
git-fixable,git-fixable-l439-c90.result.json,7,8,10,9,18,17,8,13,1234,7978,12340,204,36,149
git-fixable,git-fixable-l447-c22.result.json,6,8,10,8,16,17,7,12,1058,7267,11439,132,32,95
git-fixable,git-fixable-l447-c26.result.json,6,10,10,10,20,17,11,18,2510,16845,27729,672,47,467
git-fixable,git-fixable-l447-c28.result.json,11,11,10,10,22,17,12,24,1894,11928,18866,311,46,255
git-fixable,git-fixable-l447-c39.result.json,7,10,10,8,18,17,7,15,2510,15328,23570,509,38,322
git-fixable,git-fixable-l447-c62.result.json,10,10,10,9,22,17,11,23,1586,10352,16562,393,49,339
git-fixable,git-fixable-l447-c9.result.json,6,8,10,8,14,17,6,9,1058,7267,11439,171,33,132
git-fixable,git-fixable-l47-c3.result.json,7,7,10,10,20,17,9,10,754,6275,10282,89,28,59
git-fixable,git-fixable-l47-c8.result.json,6,7,10,9,18,17,8,9,882,6033,9538,137,34,99
git-fixable,git-fixable-l507-c104.result.json,10,10,10,10,22,17,11,23,2560,14713,22884,351,47,296
git-fixable,git-fixable-l507-c127.result.json,10,10,10,10,22,17,11,20,2560,14713,22884,350,66,277
git-fixable,git-fixable-l507-c137.result.json,8,9,10,10,20,17,8,18,1370,8588,13297,169,48,108
git-fixable,git-fixable-l507-c60.result.json,9,9,10,10,22,17,11,26,2070,12353,19446,274,54,215
git-fixable,git-fixable-l507-c71.result.json,10,10,10,10,22,17,6,16,3680,19554,29206,726,62,479
git-fixable,git-fixable-l507-c77.result.json,6,7,10,10,20,17,8,14,1160,7533,11738,133,26,99
git-fixable,git-fixable-l507-c80.result.json,9,10,10,10,22,17,11,23,1720,10280,15847,172,38,127
git-fixable,git-fixable-l51-c15.result.json,7,8,10,8,16,17,9,17,738,5520,8838,139,25,107
git-fixable,git-fixable-l519-c18.result.json,6,8,10,8,14,17,8,13,1106,7411,11679,123,28,90
git-fixable,git-fixable-l519-c22.result.json,5,10,10,8,16,17,9,22,2690,17545,29181,691,39,470
git-fixable,git-fixable-l519-c31.result.json,8,10,10,10,20,17,8,17,2690,15161,22960,453,46,382
git-fixable,git-fixable-l519-c34.result.json,10,11,10,9,17,17,9,13,2018,11826,18092,369,39,310
git-fixable,git-fixable-l519-c7.result.json,6,8,10,8,13,17,8,9,1106,7411,11679,146,30,111
git-fixable,git-fixable-l523-c22.result.json,6,8,10,8,14,17,8,13,1106,7411,11679,156,26,122
git-fixable,git-fixable-l523-c26.result.json,7,10,10,8,16,17,9,14,2690,17545,29181,683,38,502
git-fixable,git-fixable-l523-c42.result.json,0,0,10,5,14,17,5,9,530,4440,7202,26,25,0
git-fixable,git-fixable-l523-c9.result.json,6,8,10,9,13,17,6,7,1106,7411,11679,154,32,117
git-fixable,git-fixable-l558-c13.result.json,2,2,10,10,23,17,10,26,586,4913,7947,243,30,126
git-fixable,git-fixable-l558-c32.result.json,9,10,10,10,21,17,7,13,3050,18021,27345,613,43,379
git-fixable,git-fixable-l558-c40.result.json,7,8,10,10,18,17,9,12,1202,7876,12207,127,26,96
git-fixable,git-fixable-l558-c54.result.json,10,11,10,10,23,17,11,28,2266,13528,20953,367,39,322
git-fixable,git-fixable-l558-c64.result.json,9,11,10,10,21,17,9,18,1482,9285,14224,192,42,133
git-fixable,git-fixable-l558-c7.result.json,7,10,10,10,20,17,6,14,3050,16982,25126,621,59,560
git-fixable,git-fixable-l562-c18.result.json,9,9,10,10,22,17,13,30,1190,8493,13659,251,36,208
git-fixable,git-fixable-l562-c29.result.json,10,10,10,9,20,17,8,12,1880,11646,17347,451,29,420
git-fixable,git-fixable-l562-c32.result.json,7,8,10,10,18,17,13,18,1010,7706,12036,148,29,111
git-fixable,git-fixable-l562-c43.result.json,10,10,10,10,20,17,11,13,1880,11646,17347,383,37,344
git-fixable,git-fixable-l562-c46.result.json,7,8,10,10,18,17,13,15,1010,7706,12036,156,24,118
git-fixable,git-fixable-l562-c57.result.json,8,8,10,8,17,17,9,14,1370,17847,39196,358,58,277
git-fixable,git-fixable-l570-c53.result.json,10,10,10,10,22,17,11,23,1806,11349,17954,404,38,357
git-fixable,git-fixable-l570-c64.result.json,10,10,10,10,22,17,4,6,2510,14334,21556,388,34,352
git-fixable,git-fixable-l570-c67.result.json,9,9,10,10,18,17,11,18,1498,10112,15673,196,28,159
git-fixable,git-fixable-l570-c78.result.json,1,1,10,5,10,17,5,5,530,4440,7202,154,23,62
git-fixable,git-fixable-l574-c103.result.json,1,1,10,8,18,17,9,12,530,4440,7202,331,20,182
git-fixable,git-fixable-l574-c111.result.json,2,2,10,5,10,17,5,5,530,4440,7202,133,22,104
git-fixable,git-fixable-l574-c124.result.json,1,1,10,5,13,17,5,8,530,4440,7202,373,22,174
git-fixable,git-fixable-l574-c78.result.json,1,1,10,8,20,17,9,13,530,4440,7202,189,20,167
git-fixable,git-fixable-l574-c84.result.json,1,1,10,8,18,17,9,12,530,4440,7202,275,21,165
git-fixable,git-fixable-l578-c119.result.json,10,10,10,10,22,17,10,20,2162,13110,20275,739,39,693
git-fixable,git-fixable-l578-c129.result.json,9,10,10,10,21,17,8,12,1482,9465,14622,361,35,314
git-fixable,git-fixable-l578-c184.result.json,9,10,10,10,20,17,6,11,3590,21495,33047,1263,65,992
git-fixable,git-fixable-l578-c21.result.json,9,10,10,10,21,17,8,16,3590,21495,33047,1294,66,1057
git-fixable,git-fixable-l578-c29.result.json,6,8,10,10,22,17,8,16,1346,8767,13650,340,41,290
git-fixable,git-fixable-l578-c93.result.json,6,10,10,10,20,17,7,15,3590,22953,37018,1316,71,1013
git-fixable,git-fixable-l611-c23.result.json,8,10,10,9,15,17,5,9,2060,11575,17192,503,42,459
git-fixable,git-fixable-l611-c29.result.json,2,2,10,9,19,17,8,12,564,4697,7595,300,27,164
git-fixable,git-fixable-l611-c50.result.json,10,11,10,10,23,17,11,22,1584,9820,15518,401,44,349
git-fixable,git-fixable-l611-c60.result.json,8,9,10,10,22,17,8,13,938,6440,10078,183,33,133
modelo-alloy-fixables,modelo-alloy-fixables-l178-c14.result.json,0,0,40,16,24,27,4,8,588,6424,9636,283,264,0
modelo-alloy-fixables,modelo-alloy-fixables-l178-c32.result.json,0,0,40,16,24,27,3,4,588,6424,9636,78,75,0
modelo-alloy-fixables,modelo-alloy-fixables-l178-c5.result.json,7,7,40,22,38,27,17,21,924,8428,13129,849,50,793
modelo-alloy-fixables,modelo-alloy-fixables-l187-c14.result.json,0,0,40,16,27,27,3,5,588,6424,9636,43,38,0
modelo-alloy-fixables,modelo-alloy-fixables-l187-c23.result.json,4,4,40,22,38,27,18,25,652,6990,10614,169,37,127
modelo-alloy-fixables,modelo-alloy-fixables-l187-c5.result.json,7,7,40,26,46,27,19,31,1260,10444,16195,499,46,449
modelo-alloy-fixables,modelo-alloy-fixables-l240-c32.result.json,10,10,40,25,35,27,17,19,1668,12000,17888,1066,39,759
modelo-alloy-fixables,modelo-alloy-fixables-l240-c34.result.json,4,5,40,19,27,27,4,7,684,7296,11140,137,30,105
modelo-alloy-fixables,modelo-alloy-fixables-l261-c14.result.json,10,10,40,27,48,27,20,27,1308,10069,15145,769,48,714
modelo-alloy-fixables,modelo-alloy-fixables-l263-c11.result.json,10,10,40,25,47,27,19,27,588,6853,10462,733,43,682
modelo-alloy-fixables,modelo-alloy-fixables-l263-c29.result.json,8,9,40,20,35,27,4,9,846,10129,17560,321,55,264
modelo-alloy-fixables,modelo-alloy-fixables-l264-c7.result.json,10,10,40,26,35,27,22,25,1308,9797,14617,742,31,693
modelo-alloy-fixables,modelo-alloy-fixables-l277-c53.result.json,2,2,40,27,38,27,19,19,612,6642,9986,652,31,256
modelo-alloy-fixables,modelo-alloy-fixables-l277-c55.result.json,10,10,40,25,42,27,19,28,1668,11405,16936,702,35,649
modelo-alloy-fixables,modelo-alloy-fixables-l277-c67.result.json,10,10,40,24,37,27,19,23,1668,11677,17464,860,46,806
modelo-alloy-fixables,modelo-alloy-fixables-l314-c21.result.json,10,10,40,26,43,27,20,24,948,8473,12847,819,32,780
modelo-alloy-fixables,modelo-alloy-fixables-l314-c45.result.json,10,10,40,26,42,27,20,27,948,8473,12847,847,36,803
modelo-alloy-fixables,modelo-alloy-fixables-l314-c75.result.json,10,10,40,24,41,27,19,23,948,8473,12847,939,48,876
modelo-alloy-fixables,modelo-alloy-fixables-l428-c22.result.json,3,3,40,25,44,27,21,34,636,6946,10884,779,30,354
modelo-alloy-fixables,modelo-alloy-fixables-l428-c24.result.json,10,10,40,25,46,27,22,26,1308,9797,14617,843,39,777
modelo-alloy-fixables,modelo-alloy-fixables-l428-c41.result.json,2,2,40,25,46,27,15,23,604,6598,10052,717,32,283
modelo-alloy-fixables,modelo-alloy-fixables-l428-c43.result.json,10,10,40,18,32,27,12,18,1308,9797,14617,802,46,724
modelo-alloy-fixables,modelo-alloy-fixables-l435-c30.result.json,2,2,40,23,38,27,16,21,612,6642,9986,767,34,288
modelo-alloy-fixables,modelo-alloy-fixables-l435-c32.result.json,10,10,40,21,34,27,17,18,1668,11405,16936,851,36,792
modelo-alloy-fixables,modelo-alloy-fixables-l435-c44.result.json,10,10,40,25,39,27,19,22,1668,11677,17464,798,49,739
hamsters,hamsters-l100-c34.result.json,8,10,20,10,15,3,2,3,968,28747,80013,303,314,3689
hamsters,hamsters-l100-c38.result.json,10,10,20,13,33,3,2,7,1836,38791,112162,855.15,2491,8761
hamsters,hamsters-l100-c7.result.json,9,10,20,13,31,3,2,7,1836,41096,119997,860.325,2507,8800
hamsters,hamsters-l102-c30.result.json,8,10,20,12,17,3,2,3,968,28747,80013,249.075,286,3020
hamsters,hamsters-l102-c34.result.json,10,10,20,14,35,3,2,7,1836,38944,112441,853.8,2440,8820
hamsters,hamsters-l102-c42.result.json,8,10,20,11,16,3,2,3,968,28747,80013,252.375,298,3044
hamsters,hamsters-l102-c45.result.json,10,10,20,12,31,3,2,6,1088,25479,72067,393.375,290,4942
hamsters,hamsters-l102-c53.result.json,10,10,20,13,34,3,2,7,1836,38791,112162,867.075,2539,8895
hamsters,hamsters-l102-c7.result.json,9,10,20,13,35,3,2,7,1836,41096,119997,860.25,2516,8822
hamsters,hamsters-l104-c30.result.json,8,10,20,11,16,3,2,3,968,28747,80013,249.075,285,3022
hamsters,hamsters-l104-c34.result.json,10,10,20,12,32,3,2,7,1836,38944,112441,871.275,2606,8889
hamsters,hamsters-l104-c39.result.json,8,10,20,12,17,3,2,3,968,28747,80013,243,268,2949
hamsters,hamsters-l104-c47.result.json,10,10,20,10,17,3,2,4,1016,24873,70951,308.025,265,3828
hamsters,hamsters-l104-c53.result.json,10,10,20,13,29,3,2,7,1836,38791,112162,863.475,2575,8809
hamsters,hamsters-l104-c7.result.json,9,10,20,14,31,3,2,7,1836,41096,119997,876.75,2718,8840
hamsters,hamsters-l107-c26.result.json,9,10,20,13,31,3,2,7,1836,41096,119997,876.15,2596,8958
hamsters,hamsters-l107-c37.result.json,10,10,20,13,34,3,2,7,1836,38944,112441,885.675,2692,8986
hamsters,hamsters-l107-c49.result.json,10,10,20,13,32,3,2,7,1836,38944,112441,883.2,2582,9065
hamsters,hamsters-l107-c57.result.json,8,10,20,12,16,3,2,3,968,28747,80013,262.575,287,3190
hamsters,hamsters-l107-c66.result.json,10,10,20,11,19,3,2,5,1088,25479,72067,408.375,291,5142
hamsters,hamsters-l11-c58.result.json,10,10,20,12,25,3,2,5,541,15545,45454,811.575,392,10412
hamsters,hamsters-l113-c28.result.json,10,10,20,13,35,3,2,7,1206,36091,107887,954.825,2692,9785
hamsters,hamsters-l124-c6.result.json,9,10,20,13,34,3,2,7,2466,43796,124227,932.175,2690,9594
hamsters,hamsters-l125-c24.result.json,10,10,20,14,32,3,2,7,2466,41491,116392,913.8,2596,9436
hamsters,hamsters-l127-c20.result.json,NO SCENARIO,
hamsters,hamsters-l127-c22.result.json,9,10,20,12,31,3,2,6,1664,28142,76230,409.5,321,5107
hamsters,hamsters-l127-c33.result.json,9,10,20,12,34,3,2,6,1664,28142,76230,413.85,357,5140
hamsters,hamsters-l127-c42.result.json,9,10,20,12,27,3,2,6,1664,28142,76230,430.8,367,5358
hamsters,hamsters-l127-c46.result.json,8,10,20,12,19,3,2,3,1232,25805,72437,229.425,287,2736
hamsters,hamsters-l129-c20.result.json,9,10,20,14,32,3,2,7,3096,44328,120901,942.225,2698,9724
hamsters,hamsters-l129-c22.result.json,9,10,20,11,32,3,2,6,1664,28142,76230,421.35,312,5284
hamsters,hamsters-l13-c30.result.json,10,10,20,13,34,3,2,7,813,24138,73142,876.675,2529,9152
hamsters,hamsters-l130-c14.result.json,7,9,20,12,17,3,2,3,1160,26897,74571,351.9,283,4372
hamsters,hamsters-l130-c18.result.json,10,10,20,14,37,3,2,7,3096,44191,120622,921.675,2870,9271
hamsters,hamsters-l131-c12.result.json,9,10,20,12,26,3,2,6,1664,28142,76230,418.275,352,5204
hamsters,hamsters-l131-c21.result.json,9,10,20,12,26,3,2,6,1664,28142,76230,403.725,327,5036
hamsters,hamsters-l131-c25.result.json,8,10,20,11,19,3,2,3,1232,25805,72437,240,306,2858
hamsters,hamsters-l131-c36.result.json,9,10,20,10,17,3,2,3,1304,30199,82197,253.425,304,3047
hamsters,hamsters-l131-c40.result.json,10,10,20,13,34,3,2,7,3096,44191,120622,963.675,2992,9654
hamsters,hamsters-l132-c18.result.json,9,10,20,13,24,3,2,6,1664,28142,76230,444.3,497,5399
hamsters,hamsters-l132-c9.result.json,9,10,20,12,25,3,2,6,1088,25646,72390,449.025,360,5592
hamsters,hamsters-l138-c16.result.json,10,10,20,13,33,3,2,7,2466,43796,124227,879.225,2652,8895
hamsters,hamsters-l138-c28.result.json,10,10,20,14,34,3,2,7,2466,41644,116671,851.325,2487,8721
hamsters,hamsters-l138-c6.result.json,9,10,20,13,34,3,2,7,2466,43796,124227,867.525,2629,8810
hamsters,hamsters-l139-c32.result.json,8,10,20,10,15,3,2,3,1136,29475,81133,247.875,290,2989
hamsters,hamsters-l140-c17.result.json,8,10,20,10,15,3,2,3,1780,31631,84633,251.55,319,3019
hamsters,hamsters-l140-c26.result.json,10,10,20,11,23,3,2,6,2480,30371,79881,401.85,366,4980
hamsters,hamsters-l141-c20.result.json,10,10,20,14,33,3,2,7,3096,44344,120901,894.075,2581,9212
hamsters,hamsters-l141-c28.result.json,8,10,20,12,17,3,2,3,1304,30203,82253,254.7,307,3063
hamsters,hamsters-l141-c34.result.json,10,10,20,13,25,3,2,6,1664,28142,76230,395.85,335,4933
hamsters,hamsters-l141-c43.result.json,10,10,20,12,25,3,2,6,1664,28142,76230,404.925,333,5054
hamsters,hamsters-l146-c46.result.json,9,10,20,14,32,3,2,7,2466,43796,124227,875.85,2602,8946
hamsters,hamsters-l146-c6.result.json,9,10,20,13,33,3,2,7,2466,43796,124227,867.675,2525,8913
hamsters,hamsters-l147-c25.result.json,9,10,20,12,33,3,2,7,2466,43796,124227,877.8,2536,9019
hamsters,hamsters-l147-c42.result.json,9,10,20,13,31,3,2,7,2466,43796,124227,892.65,2717,9058
hamsters,hamsters-l147-c53.result.json,10,10,20,12,32,3,2,7,2466,41644,116671,884.775,2793,8877
hamsters,hamsters-l152-c42.result.json,9,10,20,13,31,3,2,7,1836,41096,119997,897.75,2930,8911
hamsters,hamsters-l153-c40.result.json,9,10,20,12,34,3,2,7,1836,41096,119997,899.55,2685,9180
hamsters,hamsters-l153-c57.result.json,9,10,20,13,34,3,2,7,1836,41096,119997,925.125,2882,9326
hamsters,hamsters-l153-c68.result.json,10,10,20,12,31,3,2,7,1836,38944,112441,887.775,2768,8937
hamsters,hamsters-l158-c46.result.json,9,10,20,12,29,3,2,7,2466,43796,124227,899.55,2563,9235
hamsters,hamsters-l158-c6.result.json,9,10,20,13,34,3,2,7,2466,43796,124227,855.075,2517,8715
hamsters,hamsters-l159-c25.result.json,9,10,20,14,30,3,2,7,2466,43796,124227,862.125,2592,8740
hamsters,hamsters-l159-c42.result.json,9,10,20,13,30,3,2,7,2466,43796,124227,851.925,2555,8639
hamsters,hamsters-l159-c53.result.json,10,10,20,13,36,3,2,7,2466,41644,116671,848.25,2496,8670
hamsters,hamsters-l164-c43.result.json,9,10,20,13,30,3,2,7,1836,41096,119997,842.925,2546,8509
hamsters,hamsters-l165-c41.result.json,9,10,20,13,32,3,2,7,1836,41096,119997,838.725,2448,8590
hamsters,hamsters-l165-c58.result.json,9,10,20,12,32,3,2,7,1836,41096,119997,859.875,2505,8816
hamsters,hamsters-l165-c69.result.json,10,10,20,13,29,3,2,7,1836,38944,112441,842.7,2487,8606
hamsters,hamsters-l17-c16.result.json,10,10,20,13,30,3,2,7,813,24138,73142,827.85,2406,8624
hamsters,hamsters-l170-c9.result.json,10,10,20,13,32,3,2,7,1206,36091,107887,857.025,2554,8732
hamsters,hamsters-l174-c22.result.json,10,10,20,12,28,3,2,7,1836,41096,119997,878.025,2818,8740
hamsters,hamsters-l175-c21.result.json,9,10,20,12,28,3,2,7,1836,41096,119997,876.075,2628,8908
hamsters,hamsters-l175-c38.result.json,9,10,20,12,30,3,2,7,1836,41096,119997,884.55,2771,8879
hamsters,hamsters-l175-c49.result.json,10,10,20,13,31,3,2,7,1836,38944,112441,883.575,2743,8893
hamsters,hamsters-l18-c34.result.json,NO SCENARIO,
hamsters,hamsters-l190-c15.result.json,NO SCENARIO,
hamsters,hamsters-l20-c17.result.json,10,10,20,12,33,3,2,7,813,24146,73142,877.2,2743,8945
hamsters,hamsters-l22-c54.result.json,10,10,20,13,31,3,1,6,813,24146,73142,859.725,2528,8927
hamsters,hamsters-l24-c19.result.json,10,10,20,13,32,3,1,6,813,24146,73142,880.275,2603,9119
hamsters,hamsters-l28-c21.result.json,7,10,20,11,20,3,2,5,1621,25182,66933,768.6,320,9729
hamsters,hamsters-l28-c29.result.json,10,10,20,12,24,3,2,6,1376,27662,75702,393.975,335,4894
hamsters,hamsters-l33-c40.result.json,5,10,20,10,22,3,1,5,2161,32064,81410,222.075,311,2505
hamsters,hamsters-l33-c48.result.json,8,8,20,10,16,3,2,3,1268,27227,74963,148.35,286,1671
hamsters,hamsters-l33-c70.result.json,8,8,20,12,18,3,2,3,1268,27227,74963,127.275,275,1403
hamsters,hamsters-l4-c28.result.json,10,10,20,13,30,3,2,7,813,24138,73142,832.275,2335,8758
hamsters,hamsters-l40-c9.result.json,10,10,20,12,17,3,2,3,800,24241,70106,354.45,271,4432
hamsters,hamsters-l41-c27.result.json,10,10,20,11,25,3,2,6,1088,25646,72390,398.175,354,4936
hamsters,hamsters-l42-c25.result.json,6,10,20,12,25,3,1,5,1081,24461,71275,724.275,365,9126
hamsters,hamsters-l42-c27.result.json,10,10,20,13,34,3,2,6,1088,25646,72390,390.45,321,4864
hamsters,hamsters-l48-c38.result.json,10,10,20,12,26,3,2,6,1088,25646,72390,393.45,329,4899
hamsters,hamsters-l48-c66.result.json,10,10,20,13,25,3,2,6,1088,25646,72390,387.9,302,4852
hamsters,hamsters-l53-c44.result.json,6,8,20,11,27,3,2,6,908,25771,72791,452.025,318,5679
hamsters,hamsters-l53-c48.result.json,10,10,20,13,33,3,2,7,1836,38791,112176,866.175,2483,8915
hamsters,hamsters-l56-c28.result.json,7,9,20,10,17,3,2,3,956,28661,79821,337.2,331,4136
hamsters,hamsters-l56-c36.result.json,10,10,20,12,22,3,2,4,1016,24873,70951,305.475,296,3735
hamsters,hamsters-l56-c41.result.json,10,10,20,14,33,3,2,7,1836,38791,112162,873.6,2606,8894
hamsters,hamsters-l59-c44.result.json,7,9,20,12,17,3,2,3,956,28661,79827,334.2,296,4129
hamsters,hamsters-l59-c48.result.json,10,10,20,14,30,3,2,7,1836,38944,112448,876.3,2562,8978
hamsters,hamsters-l62-c26.result.json,10,10,20,12,29,3,2,7,1836,41096,119997,864.225,2625,8749
hamsters,hamsters-l62-c43.result.json,9,10,20,12,26,3,2,6,1088,25646,72390,440.25,370,5462
hamsters,hamsters-l62-c52.result.json,10,10,20,14,31,3,2,7,1836,38791,112162,843.3,2491,8571
hamsters,hamsters-l73-c14.result.json,10,10,20,13,30,3,2,7,1836,38944,112441,862.05,2497,8852
hamsters,hamsters-l73-c4.result.json,10,10,20,12,23,3,2,6,1088,25646,72390,398.25,320,4971
hamsters,hamsters-l75-c24.result.json,10,10,20,13,32,3,2,6,1088,25646,72390,402.075,307,5036
hamsters,hamsters-l75-c47.result.json,9,10,20,13,33,3,2,7,1836,41096,119997,877.05,2560,8972
hamsters,hamsters-l75-c69.result.json,6,10,20,11,24,3,1,5,1081,24461,71275,708.225,313,8966
hamsters,hamsters-l75-c7.result.json,9,10,20,12,30,3,2,7,1836,41096,119997,886.05,2664,9009
hamsters,hamsters-l77-c18.result.json,10,10,20,12,28,3,2,7,1836,38791,112162,865.875,2584,8816
hamsters,hamsters-l77-c44.result.json,8,10,20,12,17,3,2,3,968,28747,80013,245.7,292,2955
hamsters,hamsters-l77-c47.result.json,10,10,20,11,22,3,2,5,1088,25479,72067,392.925,286,4935
hamsters,hamsters-l77-c57.result.json,10,10,20,12,27,3,2,7,1836,38944,112441,873.975,2599,8917
hamsters,hamsters-l77-c62.result.json,1,1,20,4,4,3,0,0,541,14944,44250,1030.35,251,13345
hamsters,hamsters-l77-c9.result.json,10,10,20,12,25,3,2,6,1088,25646,72390,408.9,343,5091
hamsters,hamsters-l79-c115.result.json,3,10,20,11,25,3,1,5,1621,28430,78122,765.9,574,9460
hamsters,hamsters-l79-c18.result.json,10,10,20,13,33,3,2,7,2466,43111,119362,904.65,2652,9262
hamsters,hamsters-l79-c49.result.json,8,10,20,12,17,3,2,3,1136,29923,81945,281.775,292,3438
hamsters,hamsters-l79-c60.result.json,7,10,20,11,20,3,2,5,1621,25182,66933,733.725,247,9389
hamsters,hamsters-l79-c78.result.json,7,10,20,11,20,3,2,5,1621,25182,66933,731.775,233,9347
hamsters,hamsters-l79-c9.result.json,10,10,20,12,24,3,2,6,1376,27662,75702,420.15,440,5144
hamsters,hamsters-l79-c93.result.json,7,10,20,11,20,3,2,5,1621,25182,66933,768.9,248,9798
hamsters,hamsters-l8-c31.result.json,10,10,20,14,34,3,2,7,813,24138,73142,834.3,2365,8755
hamsters,hamsters-l81-c18.result.json,10,10,20,14,36,3,2,7,1836,38791,112162,857.925,2420,8858
hamsters,hamsters-l81-c40.result.json,10,10,20,13,31,3,2,6,1088,25646,72390,401.4,311,5022
hamsters,hamsters-l81-c48.result.json,10,10,20,13,31,3,2,7,1836,38791,112162,858.375,2498,8789
hamsters,hamsters-l81-c66.result.json,9,10,20,13,34,3,2,7,1836,41096,119997,867.075,2472,8944
hamsters,hamsters-l81-c84.result.json,10,10,20,13,26,3,2,6,1088,25646,72390,401.325,288,5045
hamsters,hamsters-l81-c9.result.json,9,10,20,13,30,3,2,6,1088,25646,72390,396.6,289,4980
hamsters,hamsters-l81-c92.result.json,10,10,20,13,34,3,2,7,1836,38791,112162,863.325,2499,8840
hamsters,hamsters-l83-c18.result.json,10,10,20,13,30,3,2,7,1836,38791,112162,857.925,2472,8821
hamsters,hamsters-l83-c39.result.json,10,10,20,12,30,3,2,6,1088,25646,72390,393.6,341,4888
hamsters,hamsters-l83-c46.result.json,10,10,20,13,30,3,2,7,1836,38791,112162,867.375,2513,8905
hamsters,hamsters-l83-c57.result.json,10,10,20,12,32,3,2,7,1836,38791,112162,850.425,2362,8827
hamsters,hamsters-l83-c9.result.json,10,10,20,12,31,3,2,6,1088,25646,72390,403.05,314,5039
hamsters,hamsters-l85-c18.result.json,10,10,20,12,28,3,2,7,1836,38791,112162,869.325,2555,8892
hamsters,hamsters-l85-c39.result.json,10,10,20,12,31,3,2,6,1088,25646,72390,392.175,329,4881
hamsters,hamsters-l85-c46.result.json,10,10,20,14,35,3,2,7,1836,38791,112162,865.8,2571,8792
hamsters,hamsters-l85-c9.result.json,10,10,20,13,31,3,2,6,1088,25646,72390,397.65,304,4979
hamsters,hamsters-l88-c33.result.json,6,10,20,12,25,3,1,5,1081,24461,71275,707.475,287,8999
hamsters,hamsters-l88-c55.result.json,8,10,20,11,17,3,2,3,968,28747,80013,249.525,273,3025
hamsters,hamsters-l88-c59.result.json,10,10,20,13,32,3,2,7,1836,38791,112162,888.3,2574,9075
hamsters,hamsters-l92-c27.result.json,9,10,20,13,33,3,2,7,1836,41096,119997,846.45,2491,8630
hamsters,hamsters-l92-c7.result.json,9,10,20,12,32,3,2,7,1836,41096,119997,851.775,2537,8646
hamsters,hamsters-l94-c11.result.json,6,10,20,11,26,3,1,5,1081,24461,71275,690.75,327,8737
hamsters,hamsters-l94-c37.result.json,8,10,20,12,18,3,2,3,968,28747,80013,248.7,314,2975
hamsters,hamsters-l94-c41.result.json,10,10,20,14,34,3,2,7,1836,38791,112162,836.4,2372,8630
hamsters,hamsters-l96-c40.result.json,8,10,20,11,17,3,2,3,968,28747,80013,238.725,278,2877
hamsters,hamsters-l96-c44.result.json,10,10,20,12,33,3,2,7,1836,38944,112441,830.025,2457,8463
hamsters,hamsters-l96-c60.result.json,10,10,20,12,27,3,2,6,1088,25646,72390,379.125,314,4723
hamsters,hamsters-l96-c68.result.json,10,10,20,12,32,3,2,7,1836,38944,112441,835.275,2414,8580
hamsters,hamsters-l96-c7.result.json,9,10,20,13,31,3,2,7,1836,41096,119997,854.925,2602,8653
hamsters,hamsters-l96-c90.result.json,9,10,20,12,27,3,2,7,1836,41096,119997,832.05,2387,8564
hamsters,hamsters-l98-c33.result.json,8,10,20,12,17,3,2,3,968,28747,80013,246.375,272,2985
hamsters,hamsters-l98-c37.result.json,10,10,20,14,36,3,2,7,1836,38944,112441,815.55,2289,8439
hamsters,hamsters-l98-c49.result.json,9,10,20,12,31,3,2,7,1836,41096,119997,854.175,2499,8747
hamsters,hamsters-l98-c7.result.json,9,10,20,12,29,3,2,7,1836,41096,119997,869.625,2735,8716
kafka,kafka_final-l124-c24.result.json,10,10,10,9,17,16,14,20,978,12348,26638,1644,152,1482
kafka,kafka_final-l128-c15.result.json,10,10,10,10,26,16,16,35,1362,15767,33447,1453,151,1299
kafka,kafka_final-l128-c28.result.json,8,8,10,10,15,16,14,19,1314,13495,27681,1379,131,1246
kafka,kafka_final-l128-c48.result.json,10,10,10,10,18,16,15,23,1362,15767,33447,1390,131,1256
kafka,kafka_final-l128-c66.result.json,10,10,10,9,15,16,14,20,1362,15767,33447,1352,155,1195
kafka,kafka_final-l128-c82.result.json,10,10,10,10,15,16,16,21,1314,15234,32492,1260,103,1154
kafka,kafka_final-l128-c89.result.json,6,7,10,10,19,16,15,25,1154,12517,25787,1345,108,1235
kafka,kafka_final-l128-c96.result.json,10,10,10,10,12,16,15,15,1362,13577,27537,1205,109,1093
kafka,kafka_final-l130-c24.result.json,10,10,10,10,18,16,14,20,1170,14903,32199,1317,132,1183
kafka,kafka_final-l130-c7.result.json,10,10,10,10,19,16,15,23,1170,14903,32199,1295,134,1158
kafka,kafka_final-l132-c15.result.json,10,10,10,8,13,16,14,18,1362,15767,33447,1368,143,1222
kafka,kafka_final-l132-c29.result.json,10,10,10,8,12,16,13,16,1362,17191,38455,1371,157,1213
kafka,kafka_final-l132-c45.result.json,10,10,10,9,21,16,14,23,1362,15767,33447,1410,152,1256
kafka,kafka_final-l132-c58.result.json,8,8,10,9,15,16,14,22,1314,13495,27681,1310,121,1187
kafka,kafka_final-l134-c25.result.json,10,10,10,9,14,16,14,18,1554,17207,35703,1372,140,1229
kafka,kafka_final-l134-c45.result.json,10,10,10,9,15,16,13,16,1554,18631,40711,1421,124,1295
kafka,kafka_final-l134-c60.result.json,10,10,10,9,20,16,15,25,1554,18631,40711,1386,136,1248
kafka,kafka_final-l136-c15.result.json,10,10,10,8,15,16,12,18,1362,15767,33447,1338,159,1177
kafka,kafka_final-l136-c34.result.json,10,10,10,9,12,16,14,14,1362,17191,38455,1413,182,1228
kafka,kafka_final-l151-c14.result.json,10,10,10,10,13,16,13,13,1698,16349,32091,2175,123,2016
kafka,kafka_final-l151-c16.result.json,10,10,10,9,18,16,9,11,1314,15234,32492,1277,93,1182
kafka,kafka_final-l151-c5.result.json,10,10,10,9,18,16,11,17,1314,15234,32492,1301,99,1200
kafka,kafka_final-l161-c14.result.json,9,9,10,9,11,16,12,12,1122,12402,26042,1761,90,1669
kafka,kafka_final-l161-c21.result.json,9,9,10,8,11,16,13,14,1090,12295,25887,1518,113,1404
kafka,kafka_final-l161-c32.result.json,8,9,10,9,11,16,9,9,1042,12555,26955,1114,101,1012
kafka,kafka_final-l161-c39.result.json,7,8,10,10,16,16,15,25,1022,11813,24731,1260,104,1154
kafka,kafka_final-l161-c4.result.json,10,10,10,8,9,16,12,12,1050,12492,26800,891,105,785
kafka,kafka_final-l161-c46.result.json,10,10,10,9,19,16,13,26,1074,12041,25233,1223,104,1117
kafka,kafka_final-l171-c10.result.json,8,9,10,10,20,16,15,26,1330,13321,26871,1059,111,946
kafka,kafka_final-l171-c12.result.json,10,10,10,10,15,16,14,14,1314,13358,27216,1130,102,1026
kafka,kafka_final-l171-c17.result.json,7,9,10,9,14,16,9,11,1330,15603,32639,1491,150,1339
kafka,kafka_final-l181-c19.result.json,9,9,10,8,12,16,7,8,1410,13698,27914,2159,122,2035
kafka,kafka_final-l181-c26.result.json,9,9,10,8,18,16,14,24,1314,13303,27343,1603,120,1481
kafka,kafka_final-l181-c42.result.json,9,10,10,9,12,16,10,13,1230,14646,31568,1271,114,1155
kafka,kafka_final-l181-c52.result.json,5,5,10,9,13,16,9,13,1098,12153,25249,1998,155,1833
kafka,kafka_final-l181-c67.result.json,10,10,10,9,12,16,14,15,1194,13140,27736,941,115,825
kafka,kafka_final-l181-c9.result.json,10,10,10,9,20,16,12,20,1194,13140,27736,927,108,818
kafka,kafka_final-l221-c22.result.json,10,10,10,10,17,16,16,21,1194,13140,27736,956,120,834
kafka,kafka_final-l221-c32.result.json,9,9,10,8,10,16,7,8,1410,13698,27914,1925,121,1802
kafka,kafka_final-l221-c39.result.json,9,9,10,8,11,16,14,17,1314,13303,27343,2008,113,1892
kafka,kafka_final-l221-c58.result.json,9,10,10,8,9,16,9,9,1230,14646,31568,1297,112,1183
kafka,kafka_final-l228-c12.result.json,9,10,10,8,11,16,11,11,1194,13140,27736,1017,152,863
kafka,kafka_final-l228-c22.result.json,9,9,10,9,13,16,8,9,1410,13698,27914,2322,102,2218
kafka,kafka_final-l228-c29.result.json,9,9,10,8,14,16,10,18,1314,13303,27343,1688,130,1556
kafka,kafka_final-l228-c45.result.json,9,10,10,9,15,16,11,15,1230,14646,31568,1399,114,1283
kafka,kafka_final-l228-c55.result.json,5,5,10,9,15,16,9,13,1098,12153,25249,1777,99,1669
kafka,kafka_final-l235-c12.result.json,10,10,10,10,15,16,14,14,1194,13140,27736,1365,196,1167
kafka,kafka_final-l235-c22.result.json,9,9,10,8,15,16,10,13,1410,13698,27914,1980,100,1878
kafka,kafka_final-l235-c29.result.json,9,9,10,9,18,16,15,28,1314,13303,27343,1779,184,1593
kafka,kafka_final-l235-c46.result.json,10,10,10,9,18,16,11,19,1230,14646,31568,1767,97,1667
kafka,kafka_final-l235-c69.result.json,10,10,10,10,14,16,14,20,1194,13140,27736,1732,176,1545
kafka,kafka_final-l243-c25.result.json,10,10,10,9,24,16,13,37,1050,12492,26800,1065,135,928
kafka,kafka_final-l243-c35.result.json,8,8,10,8,13,16,7,11,1062,12003,25261,1981,129,1850
kafka,kafka_final-l243-c42.result.json,9,9,10,8,13,16,10,13,1090,12295,25887,1858,123,1732
kafka,kafka_final-l243-c58.result.json,10,10,10,9,15,16,11,18,1050,12492,26800,1121,179,940
kafka,kafka_final-l243-c68.result.json,9,9,10,8,14,16,9,14,1122,12402,26042,1926,120,1804
kafka,kafka_final-l243-c76.result.json,9,9,10,6,12,16,5,9,1018,13668,30176,1022,104,915
kafka,kafka_final-l250-c20.result.json,10,10,10,9,12,16,15,16,1074,14247,31159,1449,154,1292
kafka,kafka_final-l250-c36.result.json,10,10,10,9,15,16,10,18,773,9893,21150,2264,122,2105
kafka,kafka_final-l250-c38.result.json,10,10,10,8,13,16,12,15,1050,12492,26800,995,167,826
kafka,kafka_final-l250-c4.result.json,10,10,10,8,10,16,12,14,1050,12492,26800,1003,118,883
kafka,kafka_final-l250-c48.result.json,9,9,10,8,13,16,9,12,1122,12402,26042,2104,124,1979
kafka,kafka_final-l257-c12.result.json,10,10,10,10,12,16,13,13,1194,13140,27736,1058,113,943
kafka,kafka_final-l257-c22.result.json,9,9,10,9,14,16,10,13,1410,13698,27914,2098,120,1976
kafka,kafka_final-l257-c29.result.json,9,9,10,7,11,16,9,11,1314,13303,27343,1841,143,1696
kafka,kafka_final-l258-c56.result.json,9,10,10,9,10,16,8,8,1790,16286,31974,1841,177,1661
kafka,kafka_final-l258-c78.result.json,10,10,10,9,11,16,10,11,1790,16286,31974,1825,134,1687
kafka,kafka_final-l266-c11.result.json,10,10,10,9,14,16,15,19,1194,13140,27736,1162,109,1051
kafka,kafka_final-l266-c21.result.json,9,9,10,9,17,16,14,21,1410,13698,27914,2065,108,1956
kafka,kafka_final-l266-c28.result.json,9,9,10,8,15,16,10,20,1314,13303,27343,1651,111,1537
kafka,kafka_final-l267-c36.result.json,10,10,10,9,15,16,9,11,1133,11513,23490,2039,84,1925
kafka,kafka_final-l267-c38.result.json,10,10,10,8,18,16,12,22,1194,13140,27736,939,110,827
kafka,kafka_final-l267-c48.result.json,9,9,10,8,12,16,8,9,1410,13698,27914,1771,93,1676
kafka,kafka_final-l267-c56.result.json,9,9,10,8,13,16,8,8,1098,14028,30696,966,95,868
kafka,kafka_final-l275-c12.result.json,10,10,10,9,15,16,12,18,1194,13140,27736,931,114,815
kafka,kafka_final-l275-c22.result.json,9,9,10,8,11,16,7,9,1410,13698,27914,1731,92,1637
kafka,kafka_final-l275-c29.result.json,9,9,10,8,12,16,10,13,1314,13303,27343,1627,112,1513
kafka,kafka_final-l276-c33.result.json,10,10,10,9,14,16,11,17,1482,15097,31389,1068,121,945
kafka,kafka_final-l276-c47.result.json,10,10,10,8,11,16,9,11,1790,15590,30756,1472,111,1358
kafka,kafka_final-l276-c58.result.json,9,10,10,9,13,16,9,15,1790,15590,30756,1554,115,1437
kafka,kafka_final-l28-c20.result.json,10,10,10,8,18,16,11,18,978,12348,26638,918,110,806
kafka,kafka_final-l283-c68.result.json,10,10,10,9,15,16,11,16,1133,11513,23490,2135,84,2023
kafka,kafka_final-l283-c70.result.json,10,10,10,9,12,16,12,15,1194,13140,27736,936,133,801
kafka,kafka_final-l283-c80.result.json,9,9,10,7,12,16,9,16,1410,13698,27914,1724,92,1630
kafka,kafka_final-l290-c23.result.json,10,10,10,10,21,16,14,25,1194,13140,27736,1058,112,944
kafka,kafka_final-l290-c39.result.json,10,10,10,8,11,16,14,16,1266,15111,32407,1342,150,1190
kafka,kafka_final-l290-c53.result.json,9,10,10,9,20,16,13,19,1266,16519,37399,1302,116,1184
kafka,kafka_final-l290-c67.result.json,10,10,10,9,11,16,7,10,1133,11513,23490,2155,84,2043
kafka,kafka_final-l290-c69.result.json,10,10,10,10,16,16,16,20,1194,13140,27736,935,119,814
kafka,kafka_final-l290-c79.result.json,9,9,10,9,17,16,8,11,1410,13698,27914,1856,111,1743
kafka,kafka_final-l290-c86.result.json,9,9,10,8,13,16,10,13,1314,13303,27343,1610,115,1493
kafka,kafka_final-l351-c33.result.json,10,10,10,10,19,16,14,18,2202,20704,43428,1194,215,977
kafka,kafka_final-l351-c49.result.json,10,10,10,10,23,16,16,40,2610,21143,41127,1538,159,1377
kafka,kafka_final-l351-c66.result.json,10,10,10,10,16,16,15,21,2610,21143,41127,1434,160,1272
kafka,kafka_final-l351-c77.result.json,5,5,10,9,9,16,12,12,1001,11484,23641,928,83,843
kafka,kafka_final-l368-c25.result.json,9,10,10,10,19,16,15,24,2226,19806,39598,1403,163,1238
kafka,kafka_final-l368-c7.result.json,10,10,10,9,13,16,9,12,2933,19613,35190,2212,100,2084
kafka,kafka_final-l368-c9.result.json,10,10,10,9,16,16,12,19,1914,16380,32416,957,128,828
kafka,kafka_final-l370-c7.result.json,9,10,10,9,19,16,10,13,2933,20016,35887,2035,91,1914
kafka,kafka_final-l370-c9.result.json,10,10,10,9,17,16,13,19,1914,19408,41556,1828,175,1640
kafka,kafka_final-l373-c19.result.json,9,9,10,9,11,16,11,12,2850,20178,37274,1923,118,1802
kafka,kafka_final-l373-c26.result.json,8,9,10,10,14,16,13,16,2122,16993,32781,1428,134,1292
kafka,kafka_final-l373-c7.result.json,9,10,10,9,13,16,10,13,2933,20016,35887,2163,97,2024
kafka,kafka_final-l373-c9.result.json,10,10,10,9,16,16,12,21,1914,16380,32416,942,130,811
kafka,kafka_final-l378-c13.result.json,9,10,10,9,12,16,13,16,2058,20056,42492,1089,124,963
kafka,kafka_final-l378-c29.result.json,10,10,10,10,13,16,15,17,2418,20279,39879,1397,177,1218
kafka,kafka_final-l378-c44.result.json,9,10,10,9,13,16,14,16,2238,19182,38120,1302,111,1188
kafka,kafka_final-l378-c51.result.json,7,8,10,10,14,16,15,19,1938,17680,34864,1280,119,1159
kafka,kafka_final-l378-c58.result.json,9,10,10,10,12,16,14,14,2418,18094,33984,1256,125,1128
kafka,kafka_final-l391-c14.result.json,9,10,10,10,11,16,13,14,2070,16550,31752,1094,116,976
kafka,kafka_final-l394-c19.result.json,10,10,10,10,13,16,14,17,2058,20056,42492,1157,122,1032
kafka,kafka_final-l396-c31.result.json,10,10,10,10,13,16,13,13,1524,14198,28392,1105,127,975
kafka,kafka_final-l396-c38.result.json,10,10,10,9,9,16,12,12,1763,14573,27990,2088,92,1967
kafka,kafka_final-l396-c53.result.json,10,10,10,9,17,16,15,21,1602,16727,34791,1406,173,1230
kafka,kafka_final-l396-c73.result.json,10,10,10,10,16,16,14,20,1602,16727,34791,1360,136,1222
kafka,kafka_final-l399-c39.result.json,10,10,10,10,18,16,14,23,1602,16727,34791,1408,160,1246
kafka,kafka_final-l399-c50.result.json,10,10,10,9,12,16,8,8,1763,14573,27990,2124,87,2006
kafka,kafka_final-l399-c57.result.json,10,10,10,10,12,16,14,14,1602,16727,34791,1418,154,1262
kafka,kafka_final-l399-c80.result.json,10,10,10,10,17,16,16,21,1602,16727,34791,1414,137,1274
kafka,kafka_final-l435-c11.result.json,7,8,10,9,12,16,9,10,1810,17104,34032,1316,132,1181
kafka,kafka_final-l435-c23.result.json,10,10,10,9,20,16,10,16,2070,18426,37028,1225,116,1108
kafka,kafka_final-l435-c30.result.json,7,8,10,8,15,16,9,13,1810,17104,34032,1312,122,1188
kafka,kafka_final-l435-c37.result.json,9,10,10,10,15,16,12,15,2226,17230,32736,1195,115,1077
kafka,kafka_final-l435-c4.result.json,10,10,10,9,14,16,10,16,2070,18426,37028,1293,100,1190
kafka,kafka_final-l438-c19.result.json,10,10,10,9,19,16,11,19,2070,18426,37028,1224,99,1123
kafka,kafka_final-l438-c9.result.json,10,10,10,9,18,16,11,21,2070,18426,37028,1345,121,1221
kafka,kafka_final-l455-c19.result.json,9,9,10,9,15,16,9,15,2850,20178,37274,1878,104,1772
kafka,kafka_final-l455-c26.result.json,8,9,10,9,18,16,10,18,2122,16993,32781,1326,112,1212
kafka,kafka_final-l455-c7.result.json,10,10,10,9,13,16,12,17,2933,19613,35190,2145,100,2015
kafka,kafka_final-l455-c9.result.json,10,10,10,9,12,16,12,17,1914,16380,32416,940,127,811
kafka,kafka_final-l458-c10.result.json,9,9,10,9,14,16,12,16,2465,17676,32419,2247,109,2110
kafka,kafka_final-l458-c12.result.json,10,10,10,9,18,16,12,26,1914,16380,32416,1004,124,878
kafka,kafka_final-l461-c11.result.json,8,9,10,9,15,16,7,9,2465,17693,32432,2115,90,1997
kafka,kafka_final-l461-c13.result.json,10,10,10,9,10,16,12,12,1914,16380,32416,903,116,786
kafka,kafka_final-l461-c23.result.json,9,9,10,8,14,16,9,14,2850,20178,37274,1949,125,1823
kafka,kafka_final-l461-c30.result.json,8,9,10,10,15,16,15,19,2122,16993,32781,1385,125,1258
kafka,kafka_final-l461-c41.result.json,8,9,10,9,11,16,8,10,1810,16011,31947,1051,115,933
kafka,kafka_final-l461-c48.result.json,7,9,10,10,21,16,15,24,2122,18947,37391,1664,140,1522
kafka,kafka_final-l461-c55.result.json,9,10,10,10,18,16,15,17,2226,17230,32736,1188,110,1076
kafka,kafka_final-l464-c12.result.json,8,9,10,9,18,16,12,21,2122,16665,31623,1064,111,952
kafka,kafka_final-l47-c20.result.json,9,9,10,8,13,16,8,9,978,12114,25718,1816,101,1714
kafka,kafka_final-l471-c32.result.json,10,10,10,9,15,16,11,17,2138,18142,34758,1595,123,1470
kafka,kafka_final-l471-c57.result.json,8,8,10,10,15,16,15,16,1418,13969,27965,1360,110,1249
kafka,kafka_final-l480-c29.result.json,9,10,10,9,15,16,9,12,1673,14426,27867,2084,88,1962
kafka,kafka_final-l480-c31.result.json,9,10,10,9,14,16,11,13,1482,15990,33584,1212,96,1114
kafka,kafka_final-l480-c41.result.json,5,5,10,8,13,16,8,14,1218,12793,26209,1810,124,1676
kafka,kafka_final-l480-c56.result.json,10,10,10,9,17,16,9,14,1674,15358,30524,1485,123,1360
kafka,kafka_final-l480-c68.result.json,10,10,10,9,10,16,9,9,1674,15358,30524,1441,112,1327
kafka,kafka_final-l509-c19.result.json,9,10,10,8,16,16,9,12,1558,14527,29289,2374,127,2235
kafka,kafka_final-l509-c7.result.json,10,10,10,9,17,16,7,10,1493,13133,25830,2148,95,2011
kafka,kafka_final-l509-c9.result.json,10,10,10,8,17,16,13,22,1338,13788,28672,961,120,839
kafka,kafka_final-l512-c26.result.json,9,9,10,9,18,16,10,22,1426,15562,32874,947,98,846
kafka,kafka_final-l512-c45.result.json,10,10,10,9,14,16,9,13,1853,14753,28170,2017,93,1892
kafka,kafka_final-l513-c28.result.json,9,9,10,7,16,16,5,8,1554,16522,34378,983,102,878
kafka,kafka_final-l513-c47.result.json,10,10,10,9,13,16,9,12,2213,17453,32400,2000,94,1860
kafka,kafka_final-l516-c16.result.json,9,10,10,9,19,16,8,12,2022,17311,33523,1460,98,1359
kafka,kafka_final-l516-c29.result.json,10,10,10,8,14,16,13,16,1626,15516,31300,927,114,810
kafka,kafka_final-l516-c39.result.json,9,10,10,8,13,16,10,13,2022,17311,33523,1492,97,1393
kafka,kafka_final-l516-c49.result.json,8,10,10,6,15,16,5,8,2598,20647,38683,2145,116,1985
kafka,kafka_final-l516-c6.result.json,10,10,10,9,13,16,12,15,1626,15516,31300,935,115,818
kafka,kafka_final-l525-c43.result.json,10,10,10,9,16,16,10,20,2213,17453,32400,2027,99,1892
kafka,kafka_final-l539-c39.result.json,6,9,10,8,12,16,9,11,1378,13852,27976,588,122,463
kafka,kafka_final-l539-c59.result.json,8,10,10,9,12,16,9,14,1658,15997,32273,904,106,796
kafka,kafka_final-l541-c6.result.json,8,10,10,9,12,16,9,11,1658,15997,32273,953,107,843
kafka,kafka_final-l544-c21.result.json,8,10,10,10,17,16,14,27,1658,15997,32273,921,135,783
kafka,kafka_final-l544-c33.result.json,8,10,10,8,12,16,10,13,2778,22598,42616,2199,114,2053
kafka,kafka_final-l544-c6.result.json,8,10,10,9,13,16,10,13,1658,15997,32273,900,108,789
kafka,kafka_final-l553-c41.result.json,7,9,10,9,14,16,8,12,1298,13252,27036,601,116,482
kafka,kafka_final-l554-c21.result.json,8,10,10,9,19,16,10,20,1522,14977,30675,901,104,795
kafka,kafka_final-l554-c33.result.json,9,10,10,9,15,16,14,15,2418,19807,37961,2154,137,1987
kafka,kafka_final-l554-c6.result.json,8,10,10,8,12,16,9,9,1522,14977,30675,869,105,762
kafka,kafka_final-l567-c36.result.json,2,2,10,9,13,16,10,12,625,9755,20944,2074,78,1984
kafka,kafka_final-l571-c30.result.json,10,10,10,9,13,16,7,9,2393,18713,34380,2105,97,1972
kafka,kafka_final-l571-c37.result.json,6,9,10,9,11,16,9,9,1378,13828,27934,558,104,449
kafka,kafka_final-l572-c12.result.json,8,10,10,9,13,16,9,11,1658,15997,32273,889,106,780
kafka,kafka_final-l572-c30.result.json,9,10,10,9,15,16,10,19,1658,15997,32273,1005,107,895
kafka,kafka_final-l574-c33.result.json,10,10,10,9,15,16,13,21,2393,18713,34380,2009,93,1884
kafka,kafka_final-l574-c43.result.json,6,9,10,9,15,16,9,9,1378,13828,27934,671,129,538
kafka,kafka_final-l575-c12.result.json,9,10,10,9,20,16,10,12,1658,15997,32273,920,109,808
kafka,kafka_final-l575-c33.result.json,9,10,10,9,20,16,10,17,1658,15997,32273,904,110,792
kafka,kafka_final-l60-c36.result.json,10,10,10,8,14,16,8,13,1146,14478,31400,1322,93,1227
kafka,kafka_final-l60-c47.result.json,10,10,10,9,12,16,9,12,1146,14478,31400,1232,98,1131
kafka,kafka_final-l603-c14.result.json,9,10,10,7,13,16,8,12,1558,14527,29289,1534,91,1442
kafka,kafka_final-l603-c27.result.json,10,10,10,10,18,16,15,16,1338,13788,28672,900,107,791
kafka,kafka_final-l603-c37.result.json,9,10,10,9,14,16,9,13,1558,14527,29289,1454,90,1362
kafka,kafka_final-l603-c4.result.json,10,10,10,9,18,16,13,25,1338,13788,28672,897,118,777
kafka,kafka_final-l603-c47.result.json,10,10,10,10,19,16,14,17,1493,13133,25830,2110,88,1994
kafka,kafka_final-l606-c51.result.json,10,10,10,9,11,16,13,13,1493,13133,25830,1989,81,1879
kafka,kafka_final-l612-c26.result.json,7,9,10,9,23,16,11,27,1498,14086,28222,575,109,463
kafka,kafka_final-l614-c15.result.json,10,10,10,8,19,16,9,11,2486,18722,35280,1517,113,1402
kafka,kafka_final-l617-c12.result.json,10,10,10,9,15,16,9,9,2486,18722,35280,1385,117,1266
kafka,kafka_final-l617-c25.result.json,10,10,10,9,12,16,9,10,2486,18722,35280,1433,115,1316
kafka,kafka_final-l62-c25.result.json,8,8,10,9,18,16,14,24,978,11983,25476,1247,131,1114
kafka,kafka_final-l620-c25.result.json,8,10,10,9,16,16,9,14,1862,16337,32579,940,129,809
kafka,kafka_final-l620-c37.result.json,6,10,10,9,18,16,8,12,3318,23459,43069,2222,131,2059
kafka,kafka_final-l620-c9.result.json,9,10,10,9,18,16,10,12,1862,16337,32579,903,112,789
kafka,kafka_final-l623-c15.result.json,4,10,10,8,15,16,10,18,3318,26101,52383,3084,163,2859
kafka,kafka_final-l623-c17.result.json,8,10,10,9,14,16,11,13,1602,16531,34715,914,115,795
kafka,kafka_final-l627-c41.result.json,10,10,10,10,14,16,15,17,1650,14633,28977,1240,112,1124
kafka,kafka_final-l627-c55.result.json,10,10,10,9,11,16,7,7,1853,14753,28170,2303,145,2127
kafka,kafka_final-l627-c74.result.json,8,9,10,8,13,16,9,12,1426,14283,29451,1494,192,1299
kafka,kafka_final-l630-c39.result.json,10,10,10,9,10,16,8,8,1853,14753,28170,2575,135,2389
kafka,kafka_final-l634-c27.result.json,10,10,10,9,15,16,14,19,1853,14753,28170,2365,159,2177
kafka,kafka_final-l634-c29.result.json,10,10,10,10,16,16,16,20,1482,14436,29608,1191,228,961
kafka,kafka_final-l634-c39.result.json,9,10,10,8,17,16,9,17,1790,15571,30797,1871,139,1730
kafka,kafka_final-l634-c46.result.json,8,9,10,8,12,16,9,12,1594,14617,29349,1671,125,1543
kafka,kafka_final-l634-c57.result.json,9,9,10,9,16,16,11,13,1426,14283,29451,1302,117,1182
kafka,kafka_final-l634-c6.result.json,9,9,10,9,24,16,13,35,1426,15562,32874,1301,115,1184
kafka,kafka_final-l649-c11.result.json,8,9,10,9,12,16,14,16,1698,15278,30176,2606,164,2412
kafka,kafka_final-l649-c13.result.json,10,10,10,8,11,16,12,14,1338,13788,28672,1257,142,1112
kafka,kafka_final-l649-c23.result.json,9,10,10,7,11,16,9,12,1558,14527,29289,1773,147,1624
kafka,kafka_final-l652-c24.result.json,7,7,10,9,13,16,10,12,1198,12605,25875,1696,109,1584
kafka,kafka_final-l652-c7.result.json,9,9,10,6,10,16,6,8,1298,14986,32042,1035,95,937
kafka,kafka_final-l673-c109.result.json,9,10,10,9,10,16,9,9,1674,15358,30524,1718,184,1531
kafka,kafka_final-l673-c41.result.json,9,10,10,10,17,16,13,20,1554,14441,28785,1297,112,1183
kafka,kafka_final-l673-c77.result.json,9,10,10,9,13,16,9,12,1674,15358,30524,1802,118,1682
kafka,kafka_final-l676-c33.result.json,10,10,10,9,9,16,7,7,1673,14393,27810,2640,128,2473
kafka,kafka_final-l676-c62.result.json,10,10,10,9,15,16,11,17,1482,15990,33584,1306,100,1204
kafka,kafka_final-l676-c83.result.json,9,10,10,9,17,16,10,18,1482,15990,33584,1601,171,1428
kafka,kafka_final-l679-c36.result.json,9,9,10,9,14,16,9,13,1362,15434,32746,1002,96,904
kafka,kafka_final-l679-c58.result.json,9,9,10,9,14,16,11,14,1362,15434,32746,1301,157,1142
kafka,kafka_final-l690-c8.result.json,9,10,10,10,19,16,16,26,1874,15051,31019,955,181,771
kafka,kafka_final-l701-c8.result.json,9,10,10,8,9,16,12,13,1874,15051,31019,779,128,648
kafka,kafka_final-l73-c34.result.json,9,10,10,9,16,16,10,13,1210,13270,27508,1591,186,1403
kafka,kafka_final-l73-c41.result.json,9,9,10,10,19,16,13,23,1122,12470,25922,1259,117,1139
kafka,kafka_final-l738-c25.result.json,10,10,10,10,16,16,15,22,978,12348,26638,980,123,855
kafka,kafka_final-l738-c35.result.json,7,7,10,6,12,16,5,10,978,11680,24655,1309,105,1202
kafka,kafka_final-l738-c42.result.json,9,9,10,9,13,16,13,23,978,12071,25635,1991,119,1870
kafka,kafka_final-l738-c53.result.json,8,9,10,8,12,16,8,11,978,12427,26811,1181,123,1055
kafka,kafka_final-l738-c60.result.json,7,8,10,8,10,16,9,9,978,11725,24632,1346,106,1238
kafka,kafka_final-l743-c25.result.json,10,10,10,9,19,16,12,26,978,12348,26638,938,106,830
kafka,kafka_final-l743-c35.result.json,7,7,10,8,9,16,6,6,978,11680,24655,1710,169,1539
kafka,kafka_final-l743-c42.result.json,9,9,10,8,14,16,10,18,978,12071,25635,1670,111,1556
kafka,kafka_final-l743-c53.result.json,8,9,10,9,14,16,13,18,978,12427,26811,1120,109,1008
kafka,kafka_final-l743-c60.result.json,8,8,10,9,10,16,10,10,978,11725,24632,1355,115,1237
kafka,kafka_final-l748-c25.result.json,10,10,10,8,9,16,12,13,978,12348,26638,1006,119,886
kafka,kafka_final-l748-c35.result.json,7,7,10,9,18,16,8,17,978,11680,24655,1786,156,1628
kafka,kafka_final-l748-c42.result.json,9,9,10,8,13,16,10,13,978,12071,25635,1638,135,1500
kafka,kafka_final-l748-c53.result.json,8,9,10,9,14,16,8,14,978,12427,26811,1117,103,1010
kafka,kafka_final-l748-c60.result.json,8,8,10,8,13,16,9,14,978,11725,24632,1338,101,1235
kafka,kafka_final-l753-c38.result.json,10,10,10,9,11,16,11,11,978,12348,26638,975,143,831
kafka,kafka_final-l753-c48.result.json,7,7,10,8,16,16,9,18,978,11680,24655,1314,102,1210
kafka,kafka_final-l753-c55.result.json,9,9,10,8,13,16,13,20,978,12071,25635,1991,138,1852
kafka,kafka_final-l753-c66.result.json,9,9,10,9,16,16,10,16,978,12427,26811,1283,168,1112
kafka,kafka_final-l753-c73.result.json,7,8,10,9,11,16,10,10,978,11725,24632,1412,101,1308
kafka,kafka_final-l77-c11.result.json,9,10,10,9,15,16,10,18,1146,14478,31400,1325,101,1221
kafka,kafka_final-l77-c21.result.json,5,5,10,8,12,16,9,9,1058,12073,25169,1798,109,1676
kafka,kafka_final-l78-c24.result.json,10,10,10,9,9,16,6,6,953,11153,23130,2757,85,2637
kafka,kafka_final-l78-c27.result.json,9,10,10,9,15,16,10,15,1146,14478,31400,1291,95,1193
kafka,kafka_final-l78-c37.result.json,5,5,10,8,14,16,8,11,1058,12073,25169,1819,109,1698
kafka,kafka_final-l86-c11.result.json,10,10,10,9,18,16,10,16,1146,14478,31400,1338,151,1184
kafka,kafka_final-l86-c30.result.json,9,9,10,8,12,16,8,9,1106,12467,25907,1373,115,1253
kafka,kafka_final-l86-c37.result.json,9,10,10,10,20,16,12,30,1170,12713,26289,1393,195,1195
kafka,kafka_final-l87-c24.result.json,10,10,10,9,15,16,10,17,953,11153,23130,2763,82,2626
kafka,kafka_final-l87-c27.result.json,9,10,10,9,10,16,10,10,1146,14478,31400,1331,94,1233
kafka,kafka_final-l87-c46.result.json,9,9,10,9,9,16,9,9,1106,12467,25907,1455,182,1270
kafka,kafka_final-l87-c53.result.json,9,10,10,10,16,16,12,19,1170,12713,26289,1803,116,1684
kafka,kafka_final-l94-c19.result.json,10,10,10,8,11,16,12,13,978,12348,26638,988,185,801
ledger,Ledger-merged-l102-c52.result.json,9,9,45,32,45,35,8,11,937,13379,26193,1955,69,1872
ledger,Ledger-merged-l125-c32.result.json,9,9,45,37,69,35,16,36,937,13371,26178,1225,53,1166
ledger,Ledger-merged-l131-c23.result.json,9,9,45,34,50,35,11,14,937,13371,26178,1190,47,1141
ledger,Ledger-merged-l139-c38.result.json,9,9,45,35,49,35,11,16,937,13371,26178,1138,49,1086
ledger,Ledger-merged-l144-c18.result.json,9,9,45,35,43,35,14,14,937,13371,26178,1184,48,1134
ledger,Ledger-merged-l155-c41.result.json,9,9,45,36,61,35,14,15,937,13371,26178,1151,46,1102
ledger,Ledger-merged-l163-c21.result.json,9,9,45,33,49,35,9,17,937,13371,26178,1118,47,1069
ledger,Ledger-merged-l164-c21.result.json,9,9,45,36,61,35,13,19,937,13371,26178,1170,48,1120
ledger,Ledger-merged-l181-c28.result.json,9,9,45,32,53,35,10,17,937,13371,26178,1154,45,1106
ledger,Ledger-merged-l191-c28.result.json,9,9,45,38,59,35,20,29,937,13371,26178,1176,50,1124
ledger,Ledger-merged-l241-c24.result.json,9,9,45,34,47,35,12,14,937,13371,26178,1410,51,1354
ledger,Ledger-merged-l247-c11.result.json,4,4,45,35,60,35,11,17,937,13429,26353,143,68,71
ledger,Ledger-merged-l255-c13.result.json,4,4,45,34,51,35,12,20,937,13429,26353,112,50,57
ledger,Ledger-merged-l264-c11.result.json,3,4,45,35,51,35,16,20,969,13652,26766,138,67,67
ledger,Ledger-merged-l264-c31.result.json,7,7,45,32,45,35,8,9,1273,15424,29418,1325,68,969
ledger,Ledger-merged-l264-c33.result.json,3,4,45,32,51,35,11,15,969,13652,26766,128,53,71
ledger,Ledger-merged-l264-c9.result.json,9,9,45,37,53,35,15,17,1513,16574,30854,1779,80,1437
ledger,Ledger-merged-l273-c11.result.json,9,9,45,33,48,35,8,8,1225,14966,28432,1838,65,1464
ledger,Ledger-merged-l273-c13.result.json,2,2,45,30,46,35,9,16,945,13428,26274,99,64,30
ledger,Ledger-merged-l273-c6.result.json,2,2,45,30,48,35,9,14,945,13428,26274,90,55,31
ledger,Ledger-merged-l285-c4.result.json,4,4,45,30,39,35,7,7,1033,13992,27270,172,57,110
ledger,Ledger-merged-l286-c7.result.json,8,8,45,34,56,35,10,16,2281,20148,36020,1404,60,1122
ledger,Ledger-merged-l286-c9.result.json,4,4,45,36,51,35,16,20,1033,13992,27270,112,48,58
ledger,Ledger-merged-l287-c12.result.json,4,4,45,37,56,35,19,27,1033,13992,27270,143,72,68
ledger,Ledger-merged-l287-c17.result.json,7,8,45,38,61,35,16,23,2281,20227,36257,1565,70,1221
ledger,Ledger-merged-l287-c5.result.json,4,4,45,34,57,35,12,25,1033,13992,27270,106,46,56
ledger,Ledger-merged-l288-c12.result.json,4,4,45,31,43,35,10,12,1033,13992,27270,107,52,52
ledger,Ledger-merged-l288-c17.result.json,6,8,45,31,50,35,10,13,2281,20227,36257,1623,88,1334
ledger,Ledger-merged-l288-c5.result.json,3,4,45,33,50,35,13,18,1033,13992,27270,165,77,84
ledger,Ledger-merged-l298-c9.result.json,2,2,45,33,47,35,15,20,953,13478,26350,86,58,25
ledger,Ledger-merged-l299-c21.result.json,9,9,45,36,54,35,11,16,1801,17798,32582,1518,52,1253
ledger,Ledger-merged-l299-c23.result.json,3,4,45,31,50,35,10,13,985,13752,26918,106,47,55
ledger,Ledger-merged-l299-c43.result.json,7,7,45,31,48,35,8,13,1441,16138,30426,1119,60,847
ledger,Ledger-merged-l299-c45.result.json,3,4,45,33,47,35,11,14,985,13752,26918,109,51,55
ledger,Ledger-merged-l300-c11.result.json,2,2,45,30,45,35,9,12,953,13478,26350,74,44,27
ledger,Ledger-merged-l300-c4.result.json,2,2,45,31,45,35,9,13,953,13478,26350,74,45,26
ledger,Ledger-merged-l300-c9.result.json,9,9,45,34,57,35,11,18,1513,16190,30160,1745,56,1480
ledger,Ledger-merged-l316-c13.result.json,9,9,45,36,46,35,14,15,937,13371,26178,1529,61,1159
ledger,Ledger-merged-l323-c27.result.json,9,9,45,36,54,35,17,23,1161,15213,29879,1187,113,1068
ledger,Ledger-merged-l330-c31.result.json,9,9,45,36,54,35,17,24,1225,14925,28466,1480,58,1195
ledger,Ledger-merged-l330-c33.result.json,9,9,45,35,53,35,15,25,1161,15213,29879,1136,76,1057
ledger,Ledger-merged-l330-c52.result.json,9,9,45,37,48,35,18,25,1225,14921,28388,1646,57,1346
ledger,Ledger-merged-l337-c24.result.json,9,9,45,37,51,35,19,22,1225,14921,28388,1416,50,1148
ledger,Ledger-merged-l337-c26.result.json,9,9,45,31,46,35,12,17,1161,15213,29879,1101,58,1040
ledger,Ledger-merged-l345-c10.result.json,8,9,45,35,52,35,14,21,1513,17437,32380,1566,58,1304
ledger,Ledger-merged-l345-c13.result.json,9,9,45,37,58,35,15,24,1385,16893,32511,1162,70,1090
ledger,Ledger-merged-l345-c33.result.json,8,9,45,36,49,35,16,23,1513,17437,32380,1826,79,1540
ledger,Ledger-merged-l345-c36.result.json,9,9,45,35,49,35,14,21,1385,16893,32511,1089,59,1026
ledger,Ledger-merged-l352-c22.result.json,9,9,45,35,49,35,13,17,1161,15213,29879,1274,81,1189
ledger,Ledger-merged-l359-c23.result.json,9,9,45,36,61,35,17,30,1161,15213,29879,1112,57,1051
ledger,Ledger-merged-l367-c28.result.json,9,9,45,33,49,35,14,24,1161,15213,29879,2000,73,1911
ledger,Ledger-merged-l367-c6.result.json,9,9,45,32,49,35,14,20,1161,15213,29879,1119,65,1046
ledger,Ledger-merged-l374-c22.result.json,9,9,45,37,52,35,17,27,1161,15213,29879,1072,66,1003
ledger,Ledger-merged-l382-c6.result.json,3,3,45,36,58,35,15,21,937,13343,26129,261,61,197
ledger,Ledger-merged-l389-c29.result.json,3,3,45,33,48,35,10,14,937,13343,26129,202,44,156
ledger,Ledger-merged-l396-c24.result.json,3,3,45,34,49,35,16,23,937,13343,26129,236,45,189
ledger,Ledger-merged-l396-c46.result.json,3,3,45,34,55,35,12,23,937,13343,26129,218,58,157
ledger,Ledger-merged-l404-c28.result.json,3,3,45,33,46,35,10,13,937,13343,26129,200,43,155
ledger,Ledger-merged-l404-c6.result.json,3,3,45,36,65,35,16,25,937,13343,26129,237,46,188
ledger,Ledger-merged-l405-c16.result.json,3,3,45,33,53,35,11,15,937,13343,26129,207,43,161
ledger,Ledger-merged-l405-c28.result.json,3,3,45,31,44,35,7,10,937,13343,26129,236,45,188
ledger,Ledger-merged-l413-c31.result.json,3,3,45,30,39,35,6,6,937,13343,26129,206,46,158
ledger,Ledger-merged-l413-c6.result.json,3,3,45,34,45,35,11,14,937,13343,26129,222,43,177
ledger,Ledger-merged-l414-c16.result.json,3,3,45,31,43,35,7,10,937,13343,26129,239,57,180
ledger,Ledger-merged-l414-c29.result.json,3,3,45,30,46,35,10,14,937,13343,26129,224,44,178
ledger,Ledger-merged-l423-c28.result.json,3,3,45,30,51,35,8,14,937,13343,26129,268,39,227
ledger,Ledger-merged-l423-c50.result.json,3,3,45,34,60,35,16,32,937,13343,26129,236,43,191
ledger,Ledger-merged-l423-c6.result.json,3,3,45,32,39,35,10,10,937,13343,26129,266,44,219
ledger,Ledger-merged-l424-c16.result.json,3,3,45,39,59,35,20,31,937,13343,26129,506,39,245
ledger,Ledger-merged-l424-c18.result.json,3,3,45,34,53,35,14,24,937,13343,26129,246,40,204
ledger,Ledger-merged-l424-c30.result.json,3,3,45,35,56,35,17,29,937,13343,26129,228,42,185
ledger,Ledger-merged-l424-c6.result.json,3,3,45,34,56,35,14,24,937,13343,26129,257,60,196
ledger,Ledger-merged-l425-c16.result.json,3,3,45,31,44,35,7,10,937,13343,26129,232,41,189
ledger,Ledger-merged-l425-c28.result.json,3,3,45,36,52,35,15,22,937,13343,26129,224,40,182
ledger,Ledger-merged-l425-c41.result.json,3,3,45,33,48,35,13,18,937,13343,26129,287,46,239
ledger,Ledger-merged-l425-c53.result.json,3,3,45,35,47,35,15,20,937,13343,26129,245,45,197
ledger,Ledger-merged-l432-c20.result.json,8,8,45,35,51,35,14,15,1161,14448,27793,1224,60,942
ledger,Ledger-merged-l432-c22.result.json,5,6,45,35,51,35,15,19,985,13853,26967,439,46,390
ledger,Ledger-merged-l440-c24.result.json,9,9,45,38,54,35,21,27,1385,16185,30639,1596,51,1542
ledger,Ledger-merged-l440-c35.result.json,9,9,45,33,47,35,13,16,1385,16185,30639,1508,50,1456
ledger,Ledger-merged-l450-c31.result.json,9,9,45,33,52,35,13,22,1161,14505,28007,1556,79,1475
ledger,Ledger-merged-l450-c42.result.json,9,9,45,36,54,35,17,20,1225,14649,28041,1359,45,1096
ledger,Ledger-merged-l450-c7.result.json,8,9,45,36,51,35,18,21,1161,14505,28007,1592,49,1541
ledger,Ledger-merged-l458-c31.result.json,2,2,45,34,52,35,14,22,937,13343,26129,224,42,180
ledger,Ledger-merged-l465-c13.result.json,12,12,45,35,58,35,18,26,937,13720,26831,2533,50,2480
ledger,Ledger-merged-l466-c13.result.json,12,12,45,35,52,35,17,21,937,13720,26831,2534,49,2480
ledger,Ledger-merged-l474-c20.result.json,9,9,45,35,46,35,13,14,1225,14533,27827,1363,45,1090
ledger,Ledger-merged-l475-c11.result.json,12,12,45,36,58,35,19,29,1465,15812,30563,2573,72,2497
ledger,Ledger-merged-l475-c25.result.json,12,12,45,34,52,35,15,21,1465,15812,30563,2457,63,2388
ledger,Ledger-merged-l483-c24.result.json,8,8,45,32,47,35,10,14,1161,14905,28639,1410,49,1084
ledger,Ledger-merged-l483-c26.result.json,8,8,45,34,46,35,16,19,1161,14439,28145,1192,57,1130
ledger,Ledger-merged-l490-c24.result.json,8,8,45,32,48,35,8,13,1161,14905,28639,1281,45,1002
ledger,Ledger-merged-l490-c26.result.json,8,8,45,36,59,35,19,27,1161,14439,28145,1228,57,1166
ledger,Ledger-merged-l497-c33.result.json,12,12,45,35,58,35,17,27,1993,19640,36503,2562,80,2478
ledger,Ledger-merged-l497-c42.result.json,12,12,45,33,52,35,16,24,1993,19640,36503,2550,68,2477
ledger,Ledger-merged-l505-c38.result.json,8,9,45,33,45,35,13,15,1801,18626,33996,1417,50,1149
ledger,Ledger-merged-l505-c41.result.json,12,12,45,34,52,35,15,21,2521,22028,39935,2706,72,2629
ledger,Ledger-merged-l505-c55.result.json,8,9,45,35,52,35,20,27,1801,18626,33996,1554,108,1204
ledger,Ledger-merged-l505-c58.result.json,12,12,45,34,54,35,18,23,2521,22028,39935,2572,82,2485
ledger,Ledger-merged-l511-c45.result.json,8,8,45,35,52,35,17,21,1385,15391,29489,1257,61,1192
ledger,Ledger-merged-l519-c11.result.json,12,12,45,34,50,35,16,21,1465,15812,30563,3718,84,3610
ledger,Ledger-merged-l519-c37.result.json,12,12,45,35,53,35,16,22,1465,15812,30563,2682,73,2594
ledger,Ledger-merged-l519-c45.result.json,9,9,45,33,48,35,9,11,1225,14533,27827,1403,50,1128
ledger,Ledger-merged-l519-c47.result.json,12,12,45,36,69,35,18,26,1465,15812,30563,2568,75,2487
ledger,Ledger-merged-l526-c27.result.json,12,12,45,34,52,35,14,24,1465,15812,30563,2525,65,2454
ledger,Ledger-merged-l526-c32.result.json,6,6,45,30,48,35,10,17,1017,13666,26574,425,44,378
ledger,Ledger-merged-l532-c35.result.json,8,8,45,35,48,35,16,21,1385,15391,29489,1282,62,1215
ledger,Ledger-merged-l538-c27.result.json,12,12,45,35,66,35,19,33,1465,15812,30563,2582,69,2508
ledger,Ledger-merged-l538-c61.result.json,12,12,45,35,65,35,15,26,1465,15812,30563,2540,99,2435
ledger,Ledger-merged-l538-c69.result.json,8,9,45,36,59,35,18,29,1225,14564,27878,1358,46,1101
ledger,Ledger-merged-l545-c22.result.json,9,9,45,36,53,35,17,21,1161,15213,29879,1022,54,965
ledger,Ledger-merged-l552-c23.result.json,9,9,45,38,71,35,18,37,1161,15213,29879,1060,64,993
ledger,Ledger-merged-l560-c27.result.json,12,12,45,35,56,35,18,22,1465,15812,30563,2501,63,2433
ledger,Ledger-merged-l560-c41.result.json,12,12,45,36,59,35,18,29,1465,15812,30563,2605,69,2531
ledger,Ledger-merged-l583-c20.result.json,9,9,45,35,49,35,12,15,1225,14533,27827,1319,46,1053
ledger,Ledger-merged-l583-c37.result.json,12,12,45,35,61,35,18,31,1465,15812,30563,2492,107,2381
ledger,Ledger-merged-l73-c34.result.json,9,9,45,34,50,35,14,19,937,13371,26178,1151,53,1096
ledger,Ledger-merged-l87-c22.result.json,9,9,45,35,56,35,12,20,937,13371,26178,1162,46,1114
lib,lib_prop_merged-l104-c14.result.json,7,8,4,4,10,6,5,14,776,5553,9141,962,80,870
lib,lib_prop_merged-l104-c4.result.json,8,9,4,4,8,6,5,7,968,7335,13115,355,63,289
lib,lib_prop_merged-l11-c23.result.json,2,2,4,4,10,6,4,10,440,3346,4979,69,45,22
lib,lib_prop_merged-l118-c26.result.json,5,9,4,4,12,6,2,3,2168,10732,15701,1116,58,1054
lib,lib_prop_merged-l118-c28.result.json,7,10,4,4,13,6,5,21,920,7946,13725,280,54,224
lib,lib_prop_merged-l118-c7.result.json,5,10,4,4,11,6,5,9,2600,17140,29727,1056,62,990
lib,lib_prop_merged-l118-c9.result.json,8,10,4,4,13,6,6,12,920,7946,13725,277,46,229
lib,lib_prop_merged-l119-c13.result.json,7,9,4,4,13,6,4,4,1064,5960,8867,320,44,274
lib,lib_prop_merged-l119-c26.result.json,2,2,4,4,10,6,4,10,440,3346,4979,69,41,26
lib,lib_prop_merged-l119-c7.result.json,9,10,4,4,13,6,6,14,920,7946,13725,278,53,223
lib,lib_prop_merged-l120-c21.result.json,7,10,4,4,13,6,3,9,1336,11020,21627,409,50,357
lib,lib_prop_merged-l120-c27.result.json,7,9,4,4,12,6,5,8,1448,7632,11295,436,54,380
lib,lib_prop_merged-l120-c32.result.json,5,10,4,4,12,6,2,2,2960,14180,20673,1040,60,976
lib,lib_prop_merged-l121-c32.result.json,8,10,4,4,12,6,4,9,1304,6949,10282,426,44,380
lib,lib_prop_merged-l121-c8.result.json,9,10,4,4,13,6,6,20,920,7946,13725,258,44,212
lib,lib_prop_merged-l130-c11.result.json,7,9,4,4,11,6,4,8,952,6391,10470,300,41,257
lib,lib_prop_merged-l130-c18.result.json,4,8,4,4,9,6,5,6,2232,16992,34479,957,58,896
lib,lib_prop_merged-l130-c4.result.json,8,10,4,4,12,6,6,9,1080,8666,14785,265,48,214
lib,lib_prop_merged-l144-c24.result.json,5,9,4,4,12,6,2,3,2168,10732,15701,997,51,942
lib,lib_prop_merged-l144-c26.result.json,9,10,4,4,13,6,5,15,920,7946,13725,257,52,203
lib,lib_prop_merged-l144-c7.result.json,5,10,4,4,11,6,5,9,2600,17140,29727,1007,57,947
lib,lib_prop_merged-l144-c9.result.json,7,10,4,4,13,6,4,13,920,7946,13725,260,46,212
lib,lib_prop_merged-l145-c10.result.json,5,10,4,4,13,6,5,14,2600,13373,20148,1004,54,946
lib,lib_prop_merged-l145-c14.result.json,9,10,4,4,13,6,6,18,920,7946,13725,253,48,203
lib,lib_prop_merged-l145-c20.result.json,7,9,4,4,12,6,4,4,1064,5960,8867,316,44,270
lib,lib_prop_merged-l145-c41.result.json,10,10,4,4,12,6,6,19,920,7946,13725,255,42,211
lib,lib_prop_merged-l145-c65.result.json,9,10,4,4,12,6,5,9,1304,6949,10282,425,44,379
lib,lib_prop_merged-l146-c10.result.json,5,9,4,4,12,6,2,3,2168,10732,15701,984,49,932
lib,lib_prop_merged-l146-c12.result.json,5,7,4,4,7,6,4,4,584,5066,8953,148,40,107
lib,lib_prop_merged-l146-c15.result.json,7,8,4,4,13,6,3,9,776,5541,9106,274,40,232
lib,lib_prop_merged-l147-c12.result.json,7,8,4,4,13,6,3,9,776,5541,9106,281,39,240
lib,lib_prop_merged-l147-c36.result.json,8,10,4,4,12,6,4,5,1304,6949,10282,417,43,372
lib,lib_prop_merged-l147-c41.result.json,1,4,4,4,13,6,3,8,728,9678,23753,644,50,592
lib,lib_prop_merged-l147-c9.result.json,2,2,4,4,10,6,4,10,440,3346,4979,56,36,18
lib,lib_prop_merged-l156-c28.result.json,8,10,4,4,11,6,4,5,1592,8245,12190,437,53,383
lib,lib_prop_merged-l156-c34.result.json,9,10,4,4,12,6,5,10,1080,8666,14785,259,45,212
lib,lib_prop_merged-l156-c4.result.json,10,10,4,4,12,6,6,11,1080,8666,14785,256,44,210
lib,lib_prop_merged-l156-c58.result.json,9,10,4,4,12,6,5,10,1592,8245,12190,451,46,402
lib,lib_prop_merged-l156-c60.result.json,9,10,4,4,13,6,5,7,1592,8245,12190,435,55,378
lib,lib_prop_merged-l159-c15.result.json,5,10,4,4,12,6,2,3,3680,17769,26076,1040,66,969
lib,lib_prop_merged-l159-c20.result.json,9,10,4,4,13,6,5,13,1160,7940,13611,267,44,221
lib,lib_prop_merged-l159-c44.result.json,5,9,4,4,12,6,4,13,944,6311,10806,187,43,142
lib,lib_prop_merged-l159-c51.result.json,7,10,4,4,13,6,4,8,1160,7940,13611,282,45,235
lib,lib_prop_merged-l159-c75.result.json,8,10,4,4,12,6,5,10,1736,8928,13203,431,55,373
lib,lib_prop_merged-l171-c24.result.json,5,9,4,4,12,6,2,3,2168,10732,15701,1017,48,966
lib,lib_prop_merged-l171-c26.result.json,7,10,4,4,13,6,5,16,920,7946,13725,284,50,232
lib,lib_prop_merged-l171-c7.result.json,5,10,4,4,11,6,5,6,2600,17140,29727,1026,55,968
lib,lib_prop_merged-l171-c9.result.json,8,10,4,4,13,6,5,15,920,7946,13725,251,42,207
lib,lib_prop_merged-l172-c16.result.json,2,5,4,4,11,6,4,7,920,12451,31302,799,60,737
lib,lib_prop_merged-l172-c19.result.json,9,10,4,4,13,6,6,20,920,7946,13725,266,41,223
lib,lib_prop_merged-l172-c43.result.json,9,10,4,4,12,6,5,8,1304,6949,10282,1032,80,940
lib,lib_prop_merged-l181-c28.result.json,8,9,4,4,10,6,4,4,856,5007,7472,395,53,339
lib,lib_prop_merged-l181-c32.result.json,5,7,4,4,7,6,4,4,568,4269,6598,338,49,287
lib,lib_prop_merged-l181-c4.result.json,9,10,4,4,11,6,5,6,760,7226,12685,288,50,236
lib,lib_prop_merged-l181-c56.result.json,8,9,4,4,12,6,4,4,856,5007,7472,361,43,316
lib,lib_prop_merged-l181-c58.result.json,9,9,4,4,12,6,5,7,856,5007,7472,346,45,299
lib,lib_prop_merged-l182-c31.result.json,8,9,4,4,11,6,4,4,856,5007,7472,366,51,313
lib,lib_prop_merged-l182-c33.result.json,8,9,4,4,12,6,4,5,856,5007,7472,330,42,286
lib,lib_prop_merged-l182-c7.result.json,9,10,4,4,12,6,6,20,760,7226,12685,258,46,210
lib,lib_prop_merged-l185-c15.result.json,5,10,4,4,12,6,2,3,3680,17769,26076,1048,83,960
lib,lib_prop_merged-l185-c20.result.json,7,10,4,4,13,6,4,15,1160,7940,13611,287,44,241
lib,lib_prop_merged-l185-c44.result.json,5,9,4,4,13,6,3,9,944,6311,10806,194,43,149
lib,lib_prop_merged-l185-c51.result.json,8,10,4,4,13,6,5,9,1160,7940,13611,274,45,227
lib,lib_prop_merged-l185-c75.result.json,7,10,4,4,11,6,4,5,1736,8928,13203,435,58,375
lib,lib_prop_merged-l197-c24.result.json,5,9,4,4,12,6,2,3,2168,10732,15701,978,50,924
lib,lib_prop_merged-l197-c26.result.json,9,10,4,4,12,6,6,19,920,7946,13725,250,44,204
lib,lib_prop_merged-l197-c7.result.json,5,10,4,4,11,6,5,9,2600,17140,29727,997,57,936
lib,lib_prop_merged-l197-c9.result.json,9,10,4,4,12,6,6,19,920,7946,13725,250,45,203
lib,lib_prop_merged-l198-c15.result.json,7,9,4,4,12,6,4,5,1064,5960,8867,318,41,275
lib,lib_prop_merged-l198-c19.result.json,5,10,4,4,11,6,5,5,2600,16221,26068,998,65,929
lib,lib_prop_merged-l198-c9.result.json,8,10,4,4,13,6,5,7,920,7946,13725,253,44,207
lib,lib_prop_merged-l20-c17.result.json,4,4,4,4,10,6,4,10,440,3349,4983,170,37,132
lib,lib_prop_merged-l207-c11.result.json,6,9,4,4,9,6,4,4,952,6391,10470,293,41,251
lib,lib_prop_merged-l207-c18.result.json,3,7,4,4,11,6,5,11,1784,14187,29022,939,50,886
lib,lib_prop_merged-l207-c4.result.json,9,10,4,4,13,6,5,11,1080,8666,14785,251,47,202
lib,lib_prop_merged-l208-c14.result.json,8,10,4,4,13,6,4,13,1080,8666,14785,260,45,214
lib,lib_prop_merged-l208-c22.result.json,3,7,4,4,9,6,5,8,1784,14187,29022,940,50,887
lib,lib_prop_merged-l208-c28.result.json,4,8,4,4,12,6,1,1,2232,10787,15666,627,49,576
lib,lib_prop_merged-l208-c4.result.json,10,10,4,4,12,6,6,15,1080,8666,14785,256,45,209
lib,lib_prop_merged-l22-c18.result.json,4,4,4,4,10,6,4,10,440,3349,4983,166,37,128
lib,lib_prop_merged-l223-c11.result.json,10,10,4,4,13,6,6,12,920,7946,13725,254,43,210
lib,lib_prop_merged-l223-c28.result.json,5,9,4,4,12,6,2,3,2168,10732,15701,978,47,928
lib,lib_prop_merged-l223-c30.result.json,8,10,4,4,13,6,5,11,920,7946,13725,251,42,207
lib,lib_prop_merged-l223-c7.result.json,5,10,4,4,11,6,5,9,2600,17140,29727,982,54,924
lib,lib_prop_merged-l224-c13.result.json,7,9,4,4,12,6,4,6,1064,5960,8867,341,42,297
lib,lib_prop_merged-l224-c26.result.json,2,2,4,4,10,6,4,10,440,3346,4979,56,35,19
lib,lib_prop_merged-l224-c7.result.json,10,10,4,4,12,6,6,20,920,7946,13725,249,41,206
lib,lib_prop_merged-l225-c28.result.json,8,10,4,4,12,6,4,7,1304,6949,10282,442,42,398
lib,lib_prop_merged-l225-c39.result.json,4,7,4,4,13,6,1,1,1448,7407,10766,490,50,438
lib,lib_prop_merged-l225-c4.result.json,9,10,4,4,13,6,5,15,920,7946,13725,267,43,223
lib,lib_prop_merged-l226-c10.result.json,7,8,4,4,11,6,5,11,776,5541,9106,324,43,279
lib,lib_prop_merged-l226-c7.result.json,5,7,4,4,8,6,4,4,584,5066,8953,151,42,107
lib,lib_prop_merged-l235-c11.result.json,7,9,4,4,11,6,4,10,952,6391,10470,303,41,260
lib,lib_prop_merged-l235-c18.result.json,4,8,4,4,9,6,5,6,2232,16992,34479,927,54,870
lib,lib_prop_merged-l235-c4.result.json,9,10,4,4,12,6,6,22,1080,8666,14785,256,44,210
lib,lib_prop_merged-l236-c28.result.json,8,10,4,4,11,6,4,4,1592,8245,12190,412,44,366
lib,lib_prop_merged-l236-c33.result.json,7,9,4,4,13,6,5,10,952,6391,10470,296,42,252
lib,lib_prop_merged-l236-c4.result.json,9,10,4,4,12,6,5,13,1080,8666,14785,269,46,221
lib,lib_prop_merged-l236-c57.result.json,9,10,4,4,11,6,5,9,1592,8245,12190,437,50,384
lib,lib_prop_merged-l236-c59.result.json,8,10,4,4,13,6,4,5,1592,8245,12190,421,44,374
lib,lib_prop_merged-l239-c15.result.json,5,10,4,4,12,6,2,2,3680,17769,26076,1738,105,1615
lib,lib_prop_merged-l239-c20.result.json,7,10,4,4,13,6,4,7,1160,7940,13611,294,53,237
lib,lib_prop_merged-l239-c44.result.json,5,9,4,4,12,6,3,8,944,6311,10806,277,49,225
lib,lib_prop_merged-l239-c51.result.json,8,10,4,4,13,6,5,17,1160,7940,13611,282,50,229
lib,lib_prop_merged-l239-c75.result.json,8,10,4,4,12,6,5,10,1736,8928,13203,476,51,422
lib,lib_prop_merged-l250-c6.result.json,5,8,4,4,10,6,4,5,1336,7114,10490,988,46,938
lib,lib_prop_merged-l250-c8.result.json,7,9,4,4,8,6,5,7,792,6543,11949,282,44,236
lib,lib_prop_merged-l251-c12.result.json,8,9,4,4,11,6,5,8,856,5036,7536,321,43,276
lib,lib_prop_merged-l251-c7.result.json,8,9,4,4,11,6,5,10,792,6543,11949,285,50,233
lib,lib_prop_merged-l252-c12.result.json,6,8,4,4,9,6,4,4,664,5049,8399,287,51,234
lib,lib_prop_merged-l252-c36.result.json,8,9,4,4,10,6,4,5,856,5019,7493,432,43,387
lib,lib_prop_merged-l252-c44.result.json,1,2,4,4,10,6,5,15,472,4528,8679,380,41,337
lib,lib_prop_merged-l252-c9.result.json,2,2,4,4,10,6,4,10,440,3346,4979,58,38,19
lib,lib_prop_merged-l261-c16.result.json,8,9,4,4,10,6,5,12,968,7335,13115,284,44,238
lib,lib_prop_merged-l261-c26.result.json,5,9,4,4,10,6,4,7,2168,11067,16385,1008,60,945
lib,lib_prop_merged-l261-c4.result.json,8,9,4,4,10,6,5,13,968,7335,13115,282,43,237
lib,lib_prop_merged-l275-c6.result.json,5,8,4,4,10,6,4,8,1336,7114,10490,961,44,913
lib,lib_prop_merged-l275-c8.result.json,8,8,4,4,10,6,6,16,632,5595,8895,240,40,197
lib,lib_prop_merged-l276-c10.result.json,6,8,4,4,9,6,4,6,600,4267,6653,203,38,163
lib,lib_prop_merged-l276-c7.result.json,5,7,4,4,7,6,4,4,536,4706,8389,151,39,110
lib,lib_prop_merged-l277-c32.result.json,9,10,4,4,10,6,5,9,1016,5665,8431,421,42,376
lib,lib_prop_merged-l277-c8.result.json,8,8,4,4,10,6,5,12,632,5595,8895,241,41,198
lib,lib_prop_merged-l286-c14.result.json,8,8,4,4,10,6,6,8,728,6027,9531,236,41,193
lib,lib_prop_merged-l286-c22.result.json,5,9,4,4,10,6,4,6,2168,11067,16385,994,54,936
lib,lib_prop_merged-l286-c4.result.json,8,8,4,4,10,6,6,8,728,6027,9531,239,44,193
lib,lib_prop_merged-l300-c11.result.json,7,8,4,4,13,6,3,9,776,5541,9106,267,41,224
lib,lib_prop_merged-l300-c19.result.json,4,6,4,4,12,6,5,9,1160,8690,16415,835,46,787
lib,lib_prop_merged-l300-c8.result.json,5,7,4,4,8,6,4,4,584,5066,8953,142,39,101
lib,lib_prop_merged-l301-c27.result.json,8,10,4,4,11,6,4,4,1304,6949,10282,425,44,379
lib,lib_prop_merged-l301-c29.result.json,8,10,4,4,13,6,4,6,1304,6949,10282,419,43,374
lib,lib_prop_merged-l301-c3.result.json,8,10,4,4,12,6,5,6,920,7946,13725,260,45,213
lib,lib_prop_merged-l310-c12.result.json,7,9,4,4,11,6,5,16,952,6391,10470,321,41,278
lib,lib_prop_merged-l310-c4.result.json,7,10,4,4,13,6,5,20,1080,8666,14785,262,45,215
lib,lib_prop_merged-l33-c13.result.json,6,7,4,4,10,6,4,9,568,4077,6270,196,37,158
lib,lib_prop_merged-l33-c3.result.json,7,7,4,4,10,6,5,11,568,4077,6270,209,38,170
lib,lib_prop_merged-l342-c13.result.json,8,9,4,4,11,6,5,10,704,6279,11597,275,42,232
lib,lib_prop_merged-l357-c24.result.json,6,8,4,4,7,6,4,4,496,4169,6662,291,38,251
lib,lib_prop_merged-l361-c18.result.json,5,6,4,4,11,6,4,7,560,3918,5856,882,41,838
lib,lib_prop_merged-l361-c30.result.json,7,8,4,4,8,6,5,5,496,4641,7902,298,40,256
lib,lib_prop_merged-l38-c15.result.json,7,7,4,4,10,6,5,11,568,4077,6270,207,40,165
lib,lib_prop_merged-l38-c3.result.json,7,7,4,4,10,6,5,12,568,4077,6270,203,37,164
lib,lib_prop_merged-l384-c23.result.json,8,8,4,4,7,6,5,5,496,4169,6662,273,39,233
lib,lib_prop_merged-l392-c15.result.json,5,6,4,4,10,6,4,7,560,3918,5856,840,39,798
lib,lib_prop_merged-l392-c27.result.json,6,8,4,4,11,6,4,9,496,4641,7902,321,46,274
lib,lib_prop_merged-l407-c22.result.json,8,9,4,4,10,6,5,8,704,6147,11377,285,40,243
lib,lib_prop_merged-l407-c28.result.json,8,9,4,4,11,6,5,8,752,4568,6860,336,47,288
lib,lib_prop_merged-l407-c44.result.json,2,2,4,4,10,6,4,10,440,3346,4979,57,37,19
lib,lib_prop_merged-l411-c12.result.json,7,8,4,4,7,6,5,5,584,5535,8856,230,38,190
lib,lib_prop_merged-l411-c36.result.json,9,10,4,4,9,6,5,7,872,5017,7495,448,46,401
lib,lib_prop_merged-l413-c11.result.json,5,8,4,4,9,6,2,2,1112,6106,9034,1016,52,961
lib,lib_prop_merged-l413-c13.result.json,8,8,4,4,7,6,5,5,584,5535,8856,870,86,774
lib,lib_prop_merged-l413-c18.result.json,9,9,4,4,11,6,5,9,752,4551,6817,437,64,369
lib,lib_prop_merged-l413-c34.result.json,5,7,4,4,7,6,4,4,536,4029,6222,248,46,199
lib,lib_prop_merged-l413-c58.result.json,8,9,4,4,8,6,4,4,752,4551,6817,469,46,421
lib,lib_prop_merged-l417-c10.result.json,5,9,4,4,11,6,2,3,1592,8140,11957,1058,50,1004
lib,lib_prop_merged-l417-c12.result.json,5,7,4,4,7,6,4,4,536,4706,8389,166,41,123
lib,lib_prop_merged-l417-c15.result.json,7,8,4,4,10,6,5,6,664,5397,9008,283,44,237
lib,lib_prop_merged-l417-c34.result.json,5,9,4,4,12,6,2,3,1592,8140,11957,1022,47,971
lib,lib_prop_merged-l417-c38.result.json,2,2,4,4,10,6,4,10,440,3346,4979,60,39,20
lib,lib_prop_merged-l417-c41.result.json,7,8,4,4,9,6,5,5,664,5397,9008,298,42,254
lib,lib_prop_merged-l417-c65.result.json,9,10,4,4,12,6,5,9,1016,5653,8410,450,43,405
lib,lib_prop_merged-l421-c10.result.json,5,9,4,4,12,6,2,3,1592,8140,11957,1015,47,965
lib,lib_prop_merged-l421-c14.result.json,2,2,4,4,10,6,4,10,440,3346,4979,58,37,19
lib,lib_prop_merged-l421-c17.result.json,7,8,4,4,9,6,5,8,664,5397,9008,277,40,235
lib,lib_prop_merged-l421-c41.result.json,8,10,4,4,12,6,4,5,1016,5653,8410,445,54,389
lib,lib_prop_merged-l421-c58.result.json,5,9,4,4,12,6,2,3,1592,8140,11957,983,48,932
lib,lib_prop_merged-l421-c60.result.json,5,7,4,4,7,6,4,4,536,4706,8389,159,47,111
lib,lib_prop_merged-l421-c63.result.json,7,8,4,4,8,6,5,6,664,5397,9008,293,40,251
lib,lib_prop_merged-l425-c10.result.json,5,10,4,4,12,6,5,10,1880,13900,25047,1000,53,944
lib,lib_prop_merged-l425-c12.result.json,9,10,4,4,13,6,6,26,760,7226,12685,273,48,223
lib,lib_prop_merged-l425-c18.result.json,7,9,4,4,13,6,4,7,856,5024,7515,313,40,271
lib,lib_prop_merged-l425-c28.result.json,6,10,4,4,13,6,5,12,1880,13900,25047,1003,55,944
lib,lib_prop_merged-l425-c31.result.json,10,10,4,4,13,6,6,23,760,7226,12685,258,43,213
lib,lib_prop_merged-l425-c36.result.json,7,9,4,4,12,6,4,6,856,5024,7515,312,40,270
lib,lib_prop_merged-l429-c11.result.json,5,8,4,4,9,6,4,6,1112,6106,9034,970,43,923
lib,lib_prop_merged-l429-c13.result.json,7,8,4,4,7,6,5,8,584,5535,8856,231,40,189
lib,lib_prop_merged-l429-c30.result.json,5,8,4,4,9,6,4,6,1112,6106,9034,969,41,924
lib,lib_prop_merged-l429-c32.result.json,7,8,4,4,7,6,5,5,584,5535,8856,227,48,178
lib,lib_prop_merged-l429-c37.result.json,9,9,4,4,11,6,5,9,752,4551,6817,310,48,260
lib,lib_prop_merged-l429-c67.result.json,4,6,4,4,10,6,5,8,800,7082,14096,824,43,778
lib,lib_prop_merged-l429-c70.result.json,7,8,4,4,7,6,5,5,584,5535,8856,233,39,192
lib,lib_prop_merged-l43-c11.result.json,8,8,4,4,10,6,5,11,664,4589,7194,272,39,231
lib,lib_prop_merged-l43-c3.result.json,7,7,4,4,10,6,5,12,568,4077,6270,209,38,169
lib,lib_prop_merged-l431-c11.result.json,5,8,4,4,9,6,4,6,1112,6106,9034,966,43,920
lib,lib_prop_merged-l431-c13.result.json,8,8,4,4,10,6,6,11,584,5535,8856,247,46,200
lib,lib_prop_merged-l431-c30.result.json,5,8,4,4,9,6,4,6,1112,6106,9034,1000,49,947
lib,lib_prop_merged-l431-c32.result.json,7,8,4,4,7,6,5,5,584,5535,8856,233,46,185
lib,lib_prop_merged-l431-c38.result.json,9,9,4,4,11,6,5,9,752,4551,6817,330,46,281
lib,lib_prop_merged-l431-c68.result.json,4,6,4,4,13,6,5,11,800,7082,14096,857,44,810
lib,lib_prop_merged-l431-c71.result.json,7,8,4,4,7,6,5,5,584,5535,8856,233,39,192
lib,lib_prop_merged-l434-c12.result.json,2,2,4,4,10,6,4,10,440,3346,4979,64,36,26
lib,lib_prop_merged-l434-c17.result.json,7,8,4,4,9,6,5,8,664,5397,9008,286,45,239
lib,lib_prop_merged-l434-c41.result.json,8,10,4,4,12,6,4,5,1016,5653,8410,443,45,394
lib,lib_prop_merged-l434-c8.result.json,5,9,4,4,11,6,2,3,1592,8140,11957,987,45,939
lib,lib_prop_merged-l436-c15.result.json,2,5,4,4,12,6,3,7,760,11731,30262,790,53,734
lib,lib_prop_merged-l436-c20.result.json,9,10,4,4,12,6,6,18,760,7226,12685,257,43,213
lib,lib_prop_merged-l436-c44.result.json,9,10,4,4,12,6,5,9,1016,5653,8410,442,42,397
lib,lib_prop_merged-l48-c3.result.json,5,7,4,4,7,6,4,4,568,4077,6270,209,39,169
lib,lib_prop_merged-l48-c31.result.json,6,7,4,4,10,6,4,9,568,4077,6270,206,37,167
lib,lib_prop_merged-l53-c14.result.json,6,7,4,4,10,6,4,9,568,4077,6270,195,37,156
lib,lib_prop_merged-l53-c3.result.json,7,7,4,4,10,6,5,11,568,4077,6270,231,41,188
lib,lib_prop_merged-l61-c6.result.json,5,7,4,4,10,6,4,7,504,3789,5846,207,38,168
lib,lib_prop_merged-l62-c6.result.json,6,7,4,4,9,6,4,7,504,3789,5846,208,46,161
lib,lib_prop_merged-l63-c6.result.json,5,7,4,4,10,6,4,7,504,3789,5846,196,37,157
lib,lib_prop_merged-l64-c6.result.json,5,7,4,4,7,6,4,4,504,3789,5846,227,44,182
lib,lib_prop_merged-l65-c6.result.json,7,7,4,4,10,6,5,11,504,3789,5846,214,39,173
lib,lib_prop_merged-l73-c10.result.json,7,8,4,4,9,6,5,5,632,5595,8895,224,40,182
lib,lib_prop_merged-l73-c8.result.json,5,8,4,4,9,6,4,6,1336,7114,10490,986,42,941
lib,lib_prop_merged-l82-c14.result.json,8,8,4,4,10,6,6,8,728,6027,9531,236,41,193
lib,lib_prop_merged-l82-c22.result.json,5,10,4,4,11,6,4,6,2600,12962,19296,1022,64,955
lib,lib_prop_merged-l82-c4.result.json,8,8,4,4,10,6,5,7,728,6027,9531,261,44,216
lib,lib_prop_merged-l96-c11.result.json,8,9,4,4,8,6,5,6,792,6543,11949,295,41,253
lib,lib_prop_merged-l96-c9.result.json,5,8,4,4,11,6,4,7,1336,7114,10490,1016,55,959
